1,Thoughtsphere
2,Realbuzz
3,Mybuzz
4,Kazio
5,Yacero
6,Divape
7,Yodoo
8,Zoomcast
9,Skinte
10,Ainyx
11,Photobug
12,Skinix
13,Yodo
14,Browseblab
15,Buzzbean
16,Zoomdog
17,Twimm
18,Mudo
19,Chatterpoint
20,Meevee
21,Yakijo
22,Devpoint
23,Dabfeed
24,Browsecat
25,Camido
26,Eayo
27,Quimba
28,Snaptags
29,Dabjam
30,Divanoodle
31,Wikibox
32,Thoughtblab
33,Edgepulse
34,Yadel
35,Topiclounge
36,JumpXS
37,Avaveo
38,Geba
39,Podcat
40,Mydeo
41,LiveZ
42,Jaxspan
43,Topicblab
44,Edgeify
45,Voomm
46,Devbug
47,Ailane
48,Quimm
49,Feedspan
50,Skyba
