"data:image/png;base64,iVBORw0KGgoAAAANSUhEUgAAABAAAAAQCAYAAAAf8/9hAAAABGdBTUEAAK/INwWK6QAAABl0RVh0U29mdHdhcmUAQWRvYmUgSW1hZ2VSZWFkeXHJZTwAAAJ3SURBVDjLnZNPaNJhGMd/ohkRQd0i6DCoY4fOdYjWOgQ777LLSGIRLQn/zJC5GnPQECK97FDbwUFbw2EQ/lke/MM2bYFNpzDTcIrYYjmdP3X++/Y+L/zGqA6xBx5+8PJ+v9/P8/D+BADCSTsQCPSeSLi2tqb0+XxGp9NZ/OeFRCJxLh6Pm6PR6EY4HHaypJvHUq+7WC0tLYlzc3N/i7e2ts4w8UYul8PBwQGKxSIikQjcbrdnZWXlFUvNbG9vIxQKwWKxzP+ZrIzFYqvZbBZU3W4XUiWTSSwuLoqMAFardW9qamrEaDSelYQyduHB5uZmLpPJoNVqodPpcAPq/f19iKKIQqEAm80Gs9k8qNPplKQlZBlrx87ODkcmAWHT5WazCaJJpVKoVqvc1Ov1YnJyUitRC2xR4xKyhE0E6XQajAz5fB71ep03GdL8JpPJdWSwvr4eIkQJl1La7TZqtRqfm5ZJ+ERHxiwQBoPBd2Tg9/t3Dw8Pj4SU0mg0eCIZk4C+WYcV/sEr+HRbAdfd0z88ffJRbhBcXt6lNHKXhFJiuVzmhl/fTiCquYH6Rwu6CTfEd0/x+dG1trdX8ViIzMwEaAeUflxIqdLMH+6db9SYGK/7Af0FwNyDny9vwXNHnhFSet2sOD2NZjDIBZVKhTeNRUZ2u52wu90vDhyvkukiPxeyKpXi25OR1drEC740Si6VSmBvAgsLC9Bqtc/ZvLnqm/sAEzV0An6xzg7Lwc7zfJOZoSFF7OHwrFOvD8xrNXtjY2MFtun3Go1mUK1Wy4IDl8bDqqutgr4Hu4ZTSKtk8PUr2u4++bP//gNDA5dHWeJ3wiYiEtP5byK4FJQG5P/0AAAAAElFTkSuQmCC"
"data:image/png;base64,iVBORw0KGgoAAAANSUhEUgAAABAAAAAQCAYAAAAf8/9hAAAABGdBTUEAAK/INwWK6QAAABl0RVh0U29mdHdhcmUAQWRvYmUgSW1hZ2VSZWFkeXHJZTwAAAIMSURBVDjLY/j//z8DJZiBZgY4tN9wcO6+0erZd2uKc+fNfoeWGxMcW27Msiq+3GWUdIZXL/okI14D7JqvB+csf3Rv4p6X//t3Pf/fvf35/8Ilj3471V3bph9zmougC6xrr8mETbu7q3jl40/FKx5+LVzy8Ltd+eUZBvGnOYjygk3llfKCZY++u3fcWutcd21B07on/61yz88kKgwsCi8qJc++9yhu2p37ppnnQ4C4oWblo/9WOReXEjTANOsCs1PD9VVZ8+9/N0k7m6Yfe5LLOPFMR+Wyh/9dqq5eUvc6xIbXALOs8zEZc+9/C+q+ddEw/rSfXuRxLfP0swuqgAYEt934pOq2nxenAUbJZ0TjJt9+Vbn80X+v5huXrbLOb7LMOLfVterqjYp5C/7nTo7/n9bn/z+yxeGTZ4VeDYoBBrGnGe1LLs8G+dU87QxKYIXUNt9oXJ34f8uVqf8vPNv1v3931v/wft3/5tmSPWAF+jGnuIDR41K65OH/iJ5bb3SCjtnCNKu47heOaXP7vfHyhP8br036DwI9e1L/9+9JBxnwHRLqGefWxfbf+pcw4fb/gObrb7UDjvQqO+0VULLfo6Xte3iRT7Xh/21X5vxHBpsuTQUZQFx6t8yR/t69K+l/+64EsOb2nQmoLiCEgQpbgns0/vfuSgHbDKJBfHgYEGlIBxB/AjkbSneAxAHhJKUiPzK8ogAAAABJRU5ErkJggg=="
"data:image/png;base64,iVBORw0KGgoAAAANSUhEUgAAABAAAAAQCAYAAAAf8/9hAAAABGdBTUEAAK/INwWK6QAAABl0RVh0U29mdHdhcmUAQWRvYmUgSW1hZ2VSZWFkeXHJZTwAAAIBSURBVDjLpVPPaxNBGH2zvyGbEAw5aEogByE9RG9ScxESgvUi6D8QxJuYk5dCwXMv3rSHXrwqHlqikFBqXEEkx2KMEppLIGokSjESu/mxG+ebMsvWi4UOPL6dme99730zO2yxWOAsQ8EZhyY/Op3Oa8/zChyYz+eYzWYBptNpgMlkQrFRLpeLxGPUAidfMwzDSSaTIunfEW5T13U4joNer1esVCoN4YArPozH4xgMBjBNMyCFifTd7/cRi8WQyWRIdJ0vN1ir1RLqiUQCo9HohF1qhYiMMaiqKtSj0SgikQjq9Tq63W5RI3WyTr1SkmVZAlI97ISi7/twXRe5XA7tdntdI6XxeIzhcCgOSCbRYVKUc7lGc03TYNu2cEkFClSdJpTAWxKWFUU54UAWSqfTIi+VShGnoJEq9UqgDQIVoOTwDRyyL/ilf8PnnoMj9w8uja+KtkUBSSRSNpsNLBOZ1ruH+1BjP1FazmPp3EW8ae+g+XEbI8U+LkA3IPsL25Xq1YMt3LqyCk/xcPl8CXufXmAll8fzg1fQ+InWa7XaaugvC6LED/M7dGbjxvJdUfBBcQsvW5tYsOrxn/i/ka8sHd2+ed2aw8da6Sk2du/AUk082666p3pM/sJ/1PzwHgZ/OqRsMA3v9t/S1hN22ue8cv/CBg/3OKIcvzk2m4+/rv0F4ux6ZTGbxgwAAAAASUVORK5CYII="
"data:image/png;base64,iVBORw0KGgoAAAANSUhEUgAAABAAAAAQCAYAAAAf8/9hAAAABGdBTUEAAK/INwWK6QAAABl0RVh0U29mdHdhcmUAQWRvYmUgSW1hZ2VSZWFkeXHJZTwAAAGsSURBVDjLjZNLSwJRFICtFv2AgggS2vQLDFvVpn0Pi4iItm1KItvWJqW1pYsRemyyNILARbZpm0WtrJ0kbmbUlHmr4+t0z60Z7oSSAx935txzvrlPBwA4EPKMEVwE9z+ME/qtOkbgqtVqUqPRaDWbTegE6YdQKBRkJazAjcWapoGu6xayLIMoilAoFKhEEAQIh8OWxCzuQwEmVKtVMAyDtoiqqiBJEhSLRSqoVCqAP+E47keCAvfU5sDQ8MRs/OYNtr1x2PXdwuJShLLljcFlNAW5HA9khLYp0TUhSYMLHm7PLEDS7zyw3ybRqyfg+TyBtwl2sDP1nKWFiUSazFex3tk45sXjL1Aul20CGTs+syVY37igBbwg03eMsfH9gwSsrZ+Doig2QZsdNiZmMkVrKmwc18azHKELyQrOMEHTDJp8HXu1hostG8dY8PiRngdWMEq467ZwbDxwlIR8XrQLcBvn5k9Gpmd8fn/gHlZWT20C/D4k8eTDB3yVFKjX6xSbgD1If8G970Q3QbvbPehAyxL8SibJEdaxo5dikqvS28sInCjp4Tqb4NV3fgPirZ4pD4KS4wAAAABJRU5ErkJggg=="
"data:image/png;base64,iVBORw0KGgoAAAANSUhEUgAAABAAAAAQCAYAAAAf8/9hAAAABGdBTUEAAK/INwWK6QAAABl0RVh0U29mdHdhcmUAQWRvYmUgSW1hZ2VSZWFkeXHJZTwAAADxSURBVDjLY/z//z8DJYCJgUJAsQEsMEZ5efn/f//+Mfz58weOf//+Dce/fv2C0yC8d+9eRpA+RkrDgAWZ07rx3ZVqfyEdEDs2NvY6so3o+MyZM5pwAwL67msqSLCv4WFjgTsHqEgRl2YQhgFG3867mpJirIs0JdlNmBiZGR6++c7QGyXDSKwXwGHgWHldU1KOYy03B8e/2YmSYC94enpegdn28+dPuM0wbz18+FAH7oX97ZrXgZRW9MxnV2Am//jxQwXd2cixgeICqsSCt7f3f3yBhpwmQPjz589UTge2trb/sQUWsq0fPnxgxBoLA5qZANTo8jopO/z6AAAAAElFTkSuQmCC"
"data:image/png;base64,iVBORw0KGgoAAAANSUhEUgAAABAAAAAQCAYAAAAf8/9hAAAABGdBTUEAAK/INwWK6QAAABl0RVh0U29mdHdhcmUAQWRvYmUgSW1hZ2VSZWFkeXHJZTwAAAJgSURBVDjLY/j//z8DJZgsTV+9fAu+uHo8+GzvXECWAV+c3R//mTn9/ydLu4eka3ZyY/ts63T3k4Xt+4/GlqS74JONY+9Hc5tdH4wsmAmGgWv9xQKX2nMPnapOF4D4zxotum4sjfh/e2Pr/wtz3f5fnKodx/A7O3P97/TU37+Sk9ajG+Bcc/bJnI0X/hfM3/t/YlfJ/ef7yv9/uLTl///PT/+/v7Tm/8Eun08Mv9NSf//buun/z9jYvz8iIs0Qms/YO1ae/GBfdvTNtMm5y99dqv338/Gm/88PdP//dnnd/z8Pjvw/PzfjH8PPxIT1P2Nifv8Ij7j0PSjk3jdf/5Mr4poWOZUfe2hXdsT+yXYVj3eXa/79/Xbk/7e7Of/fnsr9f31x8v/j05P+Ruf1tqI4Gehftv6UybvP+CZ9+mDr/OpVnPGjd5cr///9fvz/1zvx/78/iv7/6VrV//szHV6c7XUxQAlEoH8lHKtOHbMvP7bUtuQQ5/F8pbLnp8uhmuP+f38Y9f/jler/d6Y6fbrZY2YCT4mudRcKgP59DvTvG6B/S0GC25olg6/tKP7599uh/9/vJ///8Sj2/wegS25Pdf52o8dCASUpO1WfeTB5zcX/QP++BAnMyZRNvrqt6v/F7RP+PzkZ+v/r/ej/by9U/L81xfHljV4LJYy84FBxvMCu9PADm6L94Lhe1en8//+nB/9vzAr5v69K6v/RGZ7/DzaZPL3UYa5DVGZqTtX+/fP4lP8/T078f7LV8f+qFJnPOyv19InOjaG2gt/b4zV+7+3w/L2n1+ng5nJdJXypFQA6mcPFnqo5OgAAAABJRU5ErkJggg=="
"data:image/png;base64,iVBORw0KGgoAAAANSUhEUgAAABAAAAAQCAYAAAAf8/9hAAAABGdBTUEAAK/INwWK6QAAABl0RVh0U29mdHdhcmUAQWRvYmUgSW1hZ2VSZWFkeXHJZTwAAANBSURBVDjLXZNrSFNhGMcPQQQRfYv60meJoiCtROuDZRcEA6MP3ckwS0tlZVlptnXRqavMaqZ5Ka1Jq1bOmWiXs466mqZzLs0103CmLp27HOdlaf+es2xFL/xe/jzv8/+/vA/nMACYsWpmDiEmjEQTMU+o/wvVFs+e64mAP3XGoWLmEtljzXv7vSMsXM37bHp1ZEPyK6+WsM+ifa+O4tyGuJHxzjQ79euJpb4AWwWT6tLv/zY1VI3hd9GOD8oQXtowglvNNhS3DfoQ9DWuB23K1R6nSeLh205+J18LMZex3mPOu41p9qH6aIfuQciPvHd9eGQcgIL7CrmqA3mPO3DvdQ8Uhn6UvGXxSb11Ztz6eHro+TIzeQOYLwXMhq7C+ebGopWebLYHFfo+qNhedFtdGHHxGHaNwdznQnldN0rqe/GoUgajIniys3BhK3kDfINILq7KSXlqQmFDL5R0m7BGnU58/jaICdIC/E/gjqYbcq0F6UoO8aW6K74ZCNveghbtqScm3Kkxo5Nu9vz4Cd7jwe2SUtgoyD05iae1b8B9diJT2Q6hV/D4A3bmcnaRohVZD42wjXsxOjmDKTo4K5bggaoSKRckqNPpwQ5acEKuh9ArePwB2zNr7LFFeohLDejjvRQyA6vTjcuyqz4zZ2hHWtMJiOpjkfDmEGLL1BA8/oBt6U+0u66zkJS34K3FiQF6tNXtxQttI3rsLgxNAymNiSjvzsfVVgkSa2MQmXWrxR8Qduq+OEL8HEl3dZAqzRimgY16AfcMQdpBASfZeJSY81BMSBpTEK3cjUj55rW+gNAEeRDRseV8FUQFHLKUXTD0OsDTPHiPF0bShyujkd8hwyXDaeR9lCK57hjCczb8/dbXHpYdiZOWe8LPPMMB2UuIbnJIvtEA0fV6HM9lsU+xG7ntGTjXlIgc40UkaGKwXrxmwh+g0+nCTCYTXrPcdOixIqw5rsC6JJUPQe+4G4Ws1guQGtIRrz6EkPQgb+Dplb+foNFoFhG8xWKBuqrKvmpPmmTFrlQtYZ9FG3Fj84Sk6QyOVh5EcGogDmTv2eEfYllZ2QKii5gilv//KwtslIaORuRuQvC5QEjzM4apb4lQ/wXCx9fe4QKeWQAAAABJRU5ErkJggg=="
"data:image/png;base64,iVBORw0KGgoAAAANSUhEUgAAABAAAAAQCAYAAAAf8/9hAAAABGdBTUEAAK/INwWK6QAAABl0RVh0U29mdHdhcmUAQWRvYmUgSW1hZ2VSZWFkeXHJZTwAAALeSURBVDjLjZNLTxNRGIb5A2Xh0rULjJqw1BCDprXQAuICDBEBE7xFJQY1giCKEARCF9rUljuEFiOIBokFhYIFK6Q2Ei6V3oW21BKFdnq/93VmQomACyd5M+d8Oc9zvjM5kwQg6e/Mzs6myeVywcTExLxUKv09PDzsHBwc1EkkElG/WHRq7/qdgUqlYpCwkITDFosFDocDbrcbPp8PLpcLGs0KRC8aIm3CerGA35S8S7ANfzCZTIjH4wgEAqAkZrMZm5ubiEajiEf9iPh1kMteoqW54nNTY03yjoDamYLD4TCoJxKJgJobjUYQBEFLQ/6fCHpXEAsaMD7ai7rHZWJaQMLHybZjXq+XBjweDy2x2WzQarWg6tFoBD6XFiGvhu4iTOZO+fXYvbs305JIWGi1WkFFp9PREHVmSmS32+lxKOgiBWq4Vgeg7S+A4V0DFrrY6HzEmUxKTU3F/+T2pSOwT1WAWHoPeGxwLg3hUzM3QgvUajX0ej0UCgX6+vpogHqvr6/T9bFXFfi1+BAh6wjs8hb4l98iuqYgu7gapwXUogRESahQNSql54/Boa5BzK+A33QLW1/LoBGXYqn3Gi4X5RP7BFQSsGG+H47lB4gF5uAzliBgKYR7pQqmnlxMymXIzM1b2XeEhKg4OwV2VcU2XIyA+QJc6mroW7lQqRTofD2KzOzcjn9+xItZh7EkLSfbnkFgtRRBSxEIshODiIMZpRLfzE6kn+HGWOyME/RF4vP5wunpaWwQVkxLefg+WoXFsWdYV+bDt1qIrYVK6NvP4odaCfPGJhoFXWBmcDt2biKPx2PUP62TDYxIMNjMBNxr0LbnYarqIL60kru2MKFZ+Ain04nu7m4wWezx9PR0xq6fqba2llFZfb+j/spRhOYECCmfQ9lwGkM3DmFmSgzJmx5wuJwwi8USJuBdgkTyTx4INZakxGRNnLjkCTtSXJBJ5JzLUmflcNpIOG3v+j9k/eSwcE1V7wAAAABJRU5ErkJggg=="
"data:image/png;base64,iVBORw0KGgoAAAANSUhEUgAAABAAAAAQCAYAAAAf8/9hAAAABGdBTUEAAK/INwWK6QAAABl0RVh0U29mdHdhcmUAQWRvYmUgSW1hZ2VSZWFkeXHJZTwAAALhSURBVDjLdVNLSBtRFL1vZpKYTCQdUZNUMGahJbTF0roxG7NoqXQZKG6EQrV0Z6kLF0pDDSguxO7aRejKLLW7brRgiSWKVcFgq2JDSUJsYmKi0fw0M+m9Aw0KNnBnwnv3nHPPeW9YtVqF637r6+sDlUqlX5ZluLi48Ltcro/X9bHLBKFQyIGAONYZghOtra1NtL+6upoyGAwWXDMiWYvb7d75h+EugX0I3MamPWwyY8nlchmotFqtTGvn5+d7WNt+v993hWBra2tMFMVBm83GSZJESvtY5lKpBMViERRFIcJ93LegFa6xsXFwenp6jLACPZCVSyQS5IWRotlsFjmOI++qisPhoHWR9iKRCAQCgSqSc1cyCAaDEyaTaZRUKbiTkxOIRqOg0WjAbreDIAgqYaFQILuTIyMj6gQMA9rAcZuxRIvFIuXzechms0S4gv89Op0O0Ja3q6urm8TQKiwtLWWRLI+YQwEf99rb27mjoyNVlRSTySSgBc/U1NQXUvH5fLS2iAJAfU6nU0Kb0szMzE2OxiJvSKSOTipGoxHQTu14qYf2MUy1BzMDmpTssNnZ2Y10Ot2MY4qdnZ0SpY7HRj5XEOghMJb3AYt3K2ufoJKIwZm2TtnTtp2uaTrCtRDn5+cnrFbrKClRYHQKsVhMVWxJboIpHoQOlxt09ttQDC3Az+VFObu781olmJube4Mq4zgBOz4+ViegohOhsfPv+sD57BXow18B4t8ATDcgLdhgc2H5t3oPMAMFA2J6vZ4uFYTD4TxOYOjp6WFEAOkDqLPYAZ4M13IR3lqBV1hbzYLX6/VlMpnnGM5hQ0PD/fr6+s3e3l66lZAcfyQ/fNrHi9HPUC4moID9pzkedsMQr30LHo/nBb7u4Oi3MIMkKvO5XA5SqRREpLvlHyuByp+SHnK8BrIZBr/iTEbp9+x/n/PQ0NAAgvvpiBlj/mHN96Z85uAlLzObzFfjiPrweKEy+RdV4845vRqFoQAAAABJRU5ErkJggg=="
"data:image/png;base64,iVBORw0KGgoAAAANSUhEUgAAABAAAAAQCAYAAAAf8/9hAAAABGdBTUEAAK/INwWK6QAAABl0RVh0U29mdHdhcmUAQWRvYmUgSW1hZ2VSZWFkeXHJZTwAAALZSURBVDjLpVM9TFNRFP7eT/9SUktLW6hQEqkUCMVABycUm+DmwGoEw+DQDSZWGdSQGJJqGBic2GXQgWjUmuBoTLSmKTWVHymlBQqlpfT3ec4lEJx9ybn3vZfznfud73xX0jQN//OovCwuLj45PT0NVqtVU71el8rlsq5UKul5bzQaksFgqNhstrczMzNTnD8+Ph6g7ffS0tKBtLCwcEVRlMPBwUEwGwKIiH17j4l711FJvsKLjz2wuHqxtpZ4mMvlXhLYQsHUbypdXV3R/v5+m8vlwtbWFtLpNPb29uD29CDyNYv48RBuBIYhSRJ2dnbGZFk2GI1GqKoq5fP5Wyqd6rVYLIhGo3A6nfD7/aBWQK3A4XAgFothdXUVdrsdwWAQu7u7ODw8FDnxeNyncmImk0FLSwuqZg+efyihWJPQIH4GSYfb7ddgOz4m+mtglgxMJBJoa2sTrcq8FItFdHR04M2PCsqaDKOOQi+jLuvw+Y9ZAPf39wW4UqmABL5gqXIBUltEoa4noAJVJoVIIomWiqYHTUgEgzmP33kXDLjKeVV+NK1xBqYiMoUiSzg5ORE5lxmcF7hgQIpCr5koQYKS+wm3vI2rLjt+pdLI6DRBd3NzEx6PB4FAQEyLscrAwMDjpqYmoWy7zYjk9y8Yaq1g4sF9uN1uOO1WVhsmkwmTk5OgsYvpMJtkMgmVTz86OhLjqVOip7kZw8EJzM7OCl+w2jxaZjA/P49UKgWr1YpQKHRWgE6eWl9ff0Z0DHq9Xh4dHRVa8PzZmdPT02imooVCAdlsFuFwGBsbGzxlmf431JWVlTB9cIDaCZHbntKrlbz/jmx7Z25uTmc2m0VRHjfZvtrd3f2JPu9Sbl66fBv7+vp6vV7v65GRkVbyRYPsauPW2ER0odDZ2Sk8UavVDqg9ORKJpP8p4PP5FOrZTycuk4AOAilMle7GI9q3ya3LtOtItzppkSVGY38B11WimHp9JJ8AAAAASUVORK5CYII="
"data:image/png;base64,iVBORw0KGgoAAAANSUhEUgAAABAAAAAQCAYAAAAf8/9hAAAABGdBTUEAAK/INwWK6QAAABl0RVh0U29mdHdhcmUAQWRvYmUgSW1hZ2VSZWFkeXHJZTwAAAIpSURBVDjLjZNPSFRRFMZ/9707o0SOOshM0x/JFtUmisKBooVEEUThsgi3KS0CN0G2lagWEYkSUdsRWgSFG9sVFAW1EIwQqRZiiDOZY804b967954249hUpB98y/PjO5zzKREBQCm1E0gDPv9XHpgTEQeAiFCDHAmCoBhFkTXGyL8cBIGMjo7eA3YDnog0ALJRFNlSqSTlcrnulZUVWV5elsXFRTHGyMLCgoyNjdUhanCyV9ayOSeIdTgnOCtY43DWYY3j9ulxkskkYRjinCOXy40MDAzcZXCyVzZS38MeKRQKf60EZPXSXInL9y+wLZMkCMs0RR28mJ2grSWJEo+lH9/IpNPE43GKxSLOOYwxpFIpAPTWjiaOtZ+gLdFKlJlD8u00xWP8lO/M5+e5efEB18b70VqjlMJai++vH8qLqoa+nn4+fJmiNNPCvMzQnIjzZuo1V88Ns3/HAcKKwfd9tNZorYnFYuuAMLDMfJ3m+fQznr7L0Vk9zGpLmezB4zx++YggqhAFEZ7n4ft+HVQHVMoB5++cJNWaRrQwMjHM9qCLTFcnJJq59WSIMLAopQDwfR/P8+oAbaqWK2eGSGxpxVrDnvQ+3s++4tPnj4SewYscUdUgIiilcM41/uXZG9kNz9h9aa+EYdjg+hnDwHDq+iGsaXwcZ6XhsdZW+FOqFk0B3caYt4Bic3Ja66NerVACOGttBXCbGbbWrgJW/VbnXbU6e5tMYIH8L54Xq0cq018+AAAAAElFTkSuQmCC"
"data:image/png;base64,iVBORw0KGgoAAAANSUhEUgAAABAAAAAQCAYAAAAf8/9hAAAABGdBTUEAAK/INwWK6QAAABl0RVh0U29mdHdhcmUAQWRvYmUgSW1hZ2VSZWFkeXHJZTwAAAKUSURBVDjLfZPta9V1GMY/39/vbGdnTubEhsOcFIPjDEdCvijEwletQWRRYFIoEkFEIv4Bw4EEYm96WYFQ+ACCixINxFKokWFmakvwzESX7fGnR7ezne/T1Yu2OqPWDRc33Pd9XdzcD0YS8/bu2Z16obObS9kAQZEQwxwiPno2rtjEoc8/5as958w8J0eNeeeJ+qs4xICPcc7/A2t9LYVkgYD1SOBCwAZPh/2Dl6cvYIPDh7lc1S0u4KwnTyP5pAEXPE9Xh+hKEx6ZnSCfFiioCWf/X6Bv8NavrM530CrR7iZIlm9h49QwjzUUufTzZZz1fYsKHHm9v/f84Dd9Y8MZm6mQa3uNZNkzdM3cYfTGOKcvnOr78cCV3lqOkYT7bk1BSouKSqPgwFDr2ztWV95aWdwNST329jGO/nT5y1fa6/ZJCTGK4Crjba+O3TaSsOfbhtXYuUoCSSiKpGUzNK5B7h5yZdzkFUJlDGGIzmEf3sJmE28aSVROmBej43C67p2m3KptyI4Q7T2iyyBUQB5MDpNbSvSO8sUjZBevfUGe7Wb+kMqfmY4YOFm/dmsxffQlZEeRn0axgsIMmBSf3WXk9PFgH9Lb9aH2Lxhi8xsqkeep2d/6++ODQZCQqihWQRZDyujXxzNXpXue/K8ttGzTlCksOePKJWQARQwGFFCMkDK1/qDOLLpGANHQU9fyJMbkkPfY7C6mbjlJfTP1rSvbr+4z62vrF/zCZP+KQhRb0mXrKP/wAZMDAyUM3y4pduxYuvY58m1PkA2N9ABX/7ODEPyzpunxwvjJvYyfG/jIOzZ0vq+d96+Xum+e+OR3O2OZnaZnYcvS3xj+mF2l/dy8tofna+OS+P49ms9u59CprfxSG/8TX76Rzx39RVIAAAAASUVORK5CYII="
"data:image/png;base64,iVBORw0KGgoAAAANSUhEUgAAABAAAAAQCAYAAAAf8/9hAAAABGdBTUEAAK/INwWK6QAAABl0RVh0U29mdHdhcmUAQWRvYmUgSW1hZ2VSZWFkeXHJZTwAAAG/SURBVDjLjZK9T8JQFMVZTUyc3IyJg4mDi87+GyYu6qB/gcZdFxkkJM66qJMGSNRBxDzigJMRQ1jQ4EcQ+SgVKB+FtuL13EdJxNDq8Ev7Xu85797T51nwhqeAH5w6cAxWwDgReX7jwYfdaCIraroptB7NLlVQrOoiGEsL1G06GZyxuILicsMUH3VTlOqGKNUMUdTacj+j1Nng0NGAT2WxYosK1bbIVVoiW27J9V8G57WWKVSczMV5iK+Tudv1vVh5yXdlLQN+os4AFZss2Ob82CCgQmhYHSnmkzf2b6rIhTAaaT2aXZALIRdCLgRtkA1WfYG4iKcVYX52JIs7EYvFmJ8wGiEXQi6EXAhdyn2MxQaPcg68zIETTvzyLsPzWnwqixVbhFwI3RFykes+A9vkIBKX4jCoIxdCLrI4/0OcUXXK4/1dbbDBS088xGGCCzAJCsiF2lanT8xdKNhHXvRarLFBqmcwCrbAhL32+kP3lHguETKRsNlbqUFPeY2OoikW62DNM+jf2ibzQNN0g5ALC75AGiT59oIReQ+cDGyTB+TC4jaYGXiRXMTD3AFogVmnOjeDMRAC025duo7wH74BwZ8JlHrTPLcAAAAASUVORK5CYII="
"data:image/png;base64,iVBORw0KGgoAAAANSUhEUgAAABAAAAAQCAYAAAAf8/9hAAAABGdBTUEAAK/INwWK6QAAABl0RVh0U29mdHdhcmUAQWRvYmUgSW1hZ2VSZWFkeXHJZTwAAAJ6SURBVDjLjZO7T1NhGMY7Mji6uJgYt8bElTjof6CDg4sMSqIxJsRGB5F4TwQSIg1QKC0KWmkZEEsKtEcSxF5ohV5pKSicXqX3aqGn957z+PUEGopiGJ583/A+v3znvPkJAAjWR0VNJG0kGhKahCFhXcN3YBFfx8Kry6ym4xIzce88/fbWGY2k5WRb77UTTbWuYA9gDGg7EVmSIOF4g5T7HZKuMcSW5djWDyL0uRf0dCc8inYYxTcw9fAiCMBYB3gVj1z7gLhNTjKCqHkYP79KENC9Bq3uxrrqORzy+9D3tPAAccspVx1gWg0KbaZFbGllWFM+xrKkFQudV0CeDfJsjN4+C2nracjunoPq5VXIBrowMK4V1gG1LGyWdbZwCalsBYUyh2KFQzpXxVqkAGswD3+qBDpZwow9iYE5v26/VwfUQnnznyhvjguQYabIIpKpYD1ahI8UTT92MUSFuP5Z/9TBTgOgFrVjp3nakaG/0VmEfpX58pwzjUEquNk362s+PP8XYD/KpYTBHmRg9Wch0QX1R80dCZhYipudYQY2Auib8RmODVCa4hfUK4ngaiiLNFNFdKeCWWscXZMbWy9Unv9/gsIQU09a4pwvUeA3Uapy2C2wCKXL0DqTePLexbWPOv79E8f0UWrencZ2poxciUWZlKssB4bcHeE83NsFuMgpo2iIpMuNa1TNu4XjhggWvb+R2K3wZdLlAZl8Fd9jRb5sD+Xx0RJBx5gdom6VsMEFDyWF0WyCeSOFcDKPnRxZYTQL5Rc/nn1w4oFsBaIhC3r6FRh5erPRhYMyHdeFw4C6zkRhmijM7CnMu0AUZonCDCnRJBqSus5/ABD6Ba5CkQS8AAAAAElFTkSuQmCC"
"data:image/png;base64,iVBORw0KGgoAAAANSUhEUgAAABAAAAAQCAYAAAAf8/9hAAAABGdBTUEAAK/INwWK6QAAABl0RVh0U29mdHdhcmUAQWRvYmUgSW1hZ2VSZWFkeXHJZTwAAAIGSURBVDjLpVNNaxNRFD1vZpJMmo+mhmBLZOq4sAHJL+hCSECLP0C6i65cBcWVUBAX4k/QlfvuVRKCDUNpEVy4MKQYTMHUpA5EUpiSNsnMJM595Y1TNxZ64XLfu3PPPee+eY/NZjNcxiRc0hSxaLVaW67rFjyH4ziwbdv3yWTi+3g8plgvlUpFwjEawQPfDofDRiaT4UX/WnDMUCgEwzDQ6XSK5XK5zhV4jM9TqRRM00QkEvFBQSCtu90ukskkdF0n0g0vXWeNRoOzp9NpWJZ1Ti6NQkDGGGRZ5uyJRAKxWAzVahXtdruoEDtJp1mpSFVV7oI9qITidDrFaDRCPp9Hs9ncUIhpOByi3+/zAxJFdJgUxV7kaK8oCuLxOFdJDQrUnTZU4I3EJUuSdE6BaKRpGq/LZrOEKSjESrOS0wdyakDFwT+w2PuM9I8dSO9M2MkFHK/e52PzBgJIoFwu50smMOWjex+xhAOsPHyCiH4Lp19r2NvZwo2j6FkD+gNivqBcwT7YfI+bpcdQ9w1g+yXm5lO4ri1j5fsXKN6JViuVylrglvlR+NrvQ6iLOnDv6d8r/GIJ8/bJ2U38n9XuKD9X1x9cix18wPjUxImXO7ZkfNtH70KPae7K1bfNT9vOr1EUlhzC0YCh3WOuR/2aXfQ5765rz4aDw0eyy5ZdedbzUG/u1pxXfwB4L36S0dG+qwAAAABJRU5ErkJggg=="
"data:image/png;base64,iVBORw0KGgoAAAANSUhEUgAAABAAAAAQCAYAAAAf8/9hAAAABGdBTUEAAK/INwWK6QAAABl0RVh0U29mdHdhcmUAQWRvYmUgSW1hZ2VSZWFkeXHJZTwAAAIbSURBVDjLpZNfZNVhGMc/7/v7nTq1P9Vkso0kJy1ZjZWZ6CKTlMW6qYmUFNkuqpslYnSxXYwolXURXdRNTRszRU2aWTRbaTctUs1pSjSn/M7vvH+eLn6nsYixh8f7PK/3+fD9eh8lIiwnNMuMZQNCHtb/R4MH48EasB5MAaxL7hxQEIghBCDT9s+sX5zOg3NJbVyxtvDiQREAkMuC94grPrAWcRaMRaxJemMQa8EaUpVbIZK/AAERaLiESpUhU7cR59A7ToONcMPn0QeuoVJp7EgP8mUSjCkCrE20iYdUOTLehWq8gnIx/vUtcB69ux3Mb8xAB0HdUeyniQWAxpgE4AV0CKUbwVtkfhbd1ImuP4WfeYJav4XwyB3851fgE4nEQkiUT/R5jwLU9hPIhyEorcY9akPv70Vva2W4r5URX8J89AsTaZrjrxyLhZDYJjTvwRv8xHX0rgvI+yGC1nvgDIODXUxVrGNvbQM1FRlGph8z8O4l38sDlPRUCTuPI/xMXLcWMYnTYhL3z87lOXzwEASaltoOep+dIUDT3z+IJhIwBpVPo/Or0PFqAlNCYMsJZS2hVPAt94OUKqWltgOAi/v62FxZR0FBSCTw/P7Cz8IJFBafueo009kx3mRH6Wy+S/fTk6SDlawQUEvZxsb2qqs1m9ZcbqrbQ2ZDPTNzk4y9HWX243yvWuo6N7ZXdQPngDIgB9wcv5Ht/APUTCZid72ZzgAAAABJRU5ErkJggg=="
"data:image/png;base64,iVBORw0KGgoAAAANSUhEUgAAABAAAAAQCAYAAAAf8/9hAAAABGdBTUEAAK/INwWK6QAAABl0RVh0U29mdHdhcmUAQWRvYmUgSW1hZ2VSZWFkeXHJZTwAAAHvSURBVBgZpcG/S9RxHMfx5+fuq10d/SJKQ+rUaLoWw60bIoIgaKhBpDksDBFbCooQiqAlURCp/gIjHIQWa4h+QDRYtFhDqOEdSqCSelbfe79f+UUEg35Jj0eQxP8Ip7sGLxaONt+eLSsrAe7IHXNDLlyOzHAJmWHubKuOl8bGipeH7rT0R81HmvuqMtlUTYaNyC6VrQ/oj8qxUuXZRTZqOVaKFZFMXDtTx0Z19E6SiCRHEiIhEBACb0ZH+Z3DTU2YG4kICTOjrXeCNfc760kUCgV+ZXFxEa8YicjccIm7HTkIAgVc4k/cHTcnEcmFmxMCyFkhCCKfzzM/P4fEOgEQAXA3EpG74W6IVYEVgrH3Y/xkdBh7PURl+hPp3bUc2nwMOEVUiWPMjM57M6zpbashUSgUSEwNDzBXfMXBs+1sasiz/G6E7PMnPD5e1RHJHHen59weQCTcnfXGH/bQ3HqBzMen8OwmW7bvoCGXY/SDuiJ3x12AEwCxqrHxAKVSCQh8L02QqW2Ak5dYE3XvJe2hPiqOTz64MRi3uBlujpnh7lgc4+64REtmJ+W3j8gOt/NteZoysPAljaUpBUn8zYvWuu7qrdmr+3ZVoig1xcLnChMzaYu/6nqQxL942br/ytJs6XzaQs7SKgoGToxUbv0ALswWDRrf9Y0AAAAASUVORK5CYII="
"data:image/png;base64,iVBORw0KGgoAAAANSUhEUgAAABAAAAAQCAYAAAAf8/9hAAAABGdBTUEAAK/INwWK6QAAABl0RVh0U29mdHdhcmUAQWRvYmUgSW1hZ2VSZWFkeXHJZTwAAAInSURBVDjLpZNBSJRBFMd/37papinFUgZmYESIFiGRYdQhynueig4eomNE0NmDidc8du7arUNFKJSpIKQHAwlNKkUzTVdd3W++mTfzOuxK2RoEzeENPHi//3/mvRepKv9z0gD65aVK7geqFhWHeoeKRSVBfQLO4MWgEoMz1HY+jXYDvFDecrOErgoRFAOgkH12q9RBsr5ApSoa4kI2AtUARCi/CFFqH+riPZ4gQrBLSG4MQoKqLdzBQjBoMGiIqcjcILj8HgCfAIIGA+qKRb8XGzTkQQW1eziQrdWC5V3KMSGYIiSGEBdEZLsUELzBzLxDkk/gLajgzSb7TxwpKAdDz8QUWfOAR3/8QQrAx6vI5gLVTbepbuniwOlrEBzq8xDyqM9jxFKfaeJ+ZXmpg0gVtzxJdmCYmva7RFFEz/c5WJrFBsGKcOzQKZrq2siZbTr665wRWzH0cE3TO/0+2NbF2kA360OPqb1yDwmW681deA344AkoixvznKm/xJaN0+Nzb+3Z3lRFGgAxRGUpqlrvEE+9IDf6HCMWr4GvqzO4IEhwOO/YTHKcO36ZLZdPj30eNsU5MGRf9aNiUBdj4w+Y2irEC0drGpDg8Rr4tjHH4eo6JuZHGJkd/miF1uhvy9T5pNEba7HBYsRyMtOcutjYwfu5UQanX09a4cJinybRv25jS29q5XzD1cyb6cFxG2hf7FNbbMC/ARq7oxUfyjJx8OXLfSo7+Z9JyXr5I2wfSAAAAABJRU5ErkJggg=="
"data:image/png;base64,iVBORw0KGgoAAAANSUhEUgAAABAAAAAQCAYAAAAf8/9hAAAABGdBTUEAAK/INwWK6QAAABl0RVh0U29mdHdhcmUAQWRvYmUgSW1hZ2VSZWFkeXHJZTwAAAJVSURBVDjLlZPbS5NhHMd3tbvyov6HIJRuhKAFgRci5GXYVQkG0c6HJGvD1FVMjdxC22wlQ9iG7uBh0rtDmxtb77vFoh2c7KgMtiGbU9xdgezb3hf0Ii3cxZfngef5fn6H5/ewALD+Vv8Upeh7HfzdM+pb4QwT7PPunOg8M7tlPh63JtE/4UM3f7WnLUDL3NE7vgmFKYbeF050Di3dbQvQSrvjzogTIm0Yt0WrePp25VNbAHcgrLopXMOgyo/uR8v4bAnAbrdLLwSIRCLK1HYaHKEdnQ9MuHZ/Edv5MpYcHljc1K9Fgvo+uxqanLYEr5wBhMNhZTqdRr1ex6jOBz8VxzONC+VyGQcHB5g3rcFGZWH+lscrc9ArWdjseqzzXWLMFEWdmnO5HEwbEYzpvmKZ+IFKpYJSqQS/3w/l+4XmlCXYnHGmMfTBOzyg9lxmkSQ5RpsbjQYKhQKy2Syz7u/vM0Z6T5+73W44nU7IlOrmS9tPPJn3VfsmXVdZLfKbra0tVKtV7O7uYmdnh8mEBtCwVCqFRCIBgiCg0Wggk8ko7sdNCMwJ3JogRpgSHA6HOhqN4ujoCIeHh6jVashkMkgmk4jH4wgEApibm4NUKqVEIhH74awXrfSPbyi+dJ020Wg0vguFQtjb20M+n2eixmIxBqDX6+nIpFAoZMb63owHHCXhOvOMWq1W7fF4UCwWQZdFN9RqtdKRSYFAcPonrj/fGPznIKlUKvX6+jrTfZvNBolEQvL5fPaFJ5GWXC5XGwwGiMViksfjtfcbT9Rq1gCXy/2vmdYfaGviUGKvapgAAAAASUVORK5CYII="
"data:image/png;base64,iVBORw0KGgoAAAANSUhEUgAAABAAAAAQCAYAAAAf8/9hAAAABGdBTUEAAK/INwWK6QAAABl0RVh0U29mdHdhcmUAQWRvYmUgSW1hZ2VSZWFkeXHJZTwAAAI6SURBVDjLpZJbaJJxGMaHgdcFXURdBLtZrGitiFh0uhjRVRTVWI1as7mQakhjyyEkRAcaHSCrj0xrWGuuoVsr25qzfeYObh6yJJdzavoZs3Sy8PhJ8vR9EoHkotXFA/+b3+//vC9vEYCi/8mvh8H7nTM8kyF0LpoacCazLxzxbM/bb1S3OUo8GQtz/iggGfi1O0NaAzS8kQwCURqBORrTX9LQf5jHQ3KWlA1RnAUFeneGsATSoKIZOGdTsAWSMPuTsFNJeL7SEOoF4GtrUKuuShUUvJpKUd4wnYMtDDj5KQGTN4FRTyInOvH8MDonL6BKuRcFBey8fqYyC0/4Ehhn4JGZOBp1AtT1VkOkrYfMKIKgsxq7b+zErssV0TyBxjaf9UVomBh4jPnVyMCG6ThbGfKRVtwebsK1wdO4+JIPce8xbBGXI0+gMkWoqZ/137jjIBlY/zEGnqoO+2R7wGvfj/N9x3FAWonNojKUCUtTeQKlMUT02+fgCqVzs7OwzhnLyd4HU2xlCLsOYlPz+sI7uK8Pcu4O+EnNRAhWfwKOzym8Y2LyxCAf9GGHZDvKm9Zha2NptudcRUnBQ7rZ5+G0aVzEpS4nJelwZMXt9myL3Bpskyq9FmUzQuZu2B63QCXcEH50ak3Jb4KF0i+p5D5r3aYeJeoRNCgwfq8BCv7q8F8L2Dw9u5HbcWateuj6IXi0V0HUrsCiBGweNBRzZbxVasXJYkhrll1ZtIDNnaPLl9w6snRlwSX+a34AgPPwSZzC+6wAAAAASUVORK5CYII="
"data:image/png;base64,iVBORw0KGgoAAAANSUhEUgAAABAAAAAQCAYAAAAf8/9hAAAABGdBTUEAAK/INwWK6QAAABl0RVh0U29mdHdhcmUAQWRvYmUgSW1hZ2VSZWFkeXHJZTwAAAGvSURBVDjLxZPbSgJRGIV9BB+h+yikuomIJigo6UBnKtJOUFSkSBIhMUZmBywUNDtQG6KMCrITXVnzCANSYUNNOoMzzEjuR/jbXWjQjN0UdLFuNnt9e/9r8RsAwPAbGf4c0BsSi8b2JOS5UN9cpwo7d6Kw82fqW19IRK0rqaIfAb1B0eS7zeC1mwzu9AtU7pwYKfe5iukzBZsXeJMuoCcoGH3EGI5loXPjy5yTeZGnCBhmj2Vc53oxagBdfsG+y2BwRhS20LzD2yK7eq0C5eTsGsD0gczs3GeBfJcuBKid5WjvpQrta0lGA5hAEhO+y0KThy8IqHZw9GJUJY/oALr8KRSOvUN3QIgWApjdr1FPVPkcAWkAjW6eWr7KwExExj9kgB2HEpSNPlK6NTYv8WjpQoGaGW7wu7li7GnQeSRDtf0Z6dbYHUgxxGhqcPNofD+NK6cS+arKR5+M/SEBV9kSqNT6YKp3cdoMnBEZquzPdOV0gupYT7JtvmS+zhYvz5Jw2RJLnCoeiNPWTRE0AMeRBLYDCaZQGiaJxvfS+Usj2yIMEVm3RLAQ84Ae4N+28QM8btMbbDzl6wAAAABJRU5ErkJggg=="
"data:image/png;base64,iVBORw0KGgoAAAANSUhEUgAAABAAAAAQCAQAAAC1+jfqAAAABGdBTUEAAK/INwWK6QAAABl0RVh0U29mdHdhcmUAQWRvYmUgSW1hZ2VSZWFkeXHJZTwAAAE3SURBVCjPfZHNSgJhFIa/C3AldD2ugraCF2E2OdX6c0ZtQAj7nUJoUxZtKn+mwE20CoRW4/hTTukg3xUIugmCp8UMYhs5u/M+L+fwvgKxegRCCSWUcOKO1XSb08as4dat+lq4XQBOsjXvEqBQBHg8z2upJcBJvDFmwhgfn28CRtyxvxEBzVhLjQjwGfLBgD59XrEpBoVYCBgeE4YLucste1xSplBACESjHTCKxB5dbthFx8Im/44QiPqv4jPyelTZQSeLRgWTBTCgF8k6OttobHGBEQK19hgfjw7XkVcjg8kxRnji0XAZ0+Fq4c2Q5pwSufDJh9iT+uKFbCRuksamjAxkLArqPlHllAp5NHRy2BxSRK4vRZ1PmrMDTrA544gSciZT/7pQwowbluHmfuRUutKSy2Wtnj+jSVcdCo7izAAAAABJRU5ErkJggg=="
"data:image/png;base64,iVBORw0KGgoAAAANSUhEUgAAABAAAAAQCAYAAAAf8/9hAAAABGdBTUEAAK/INwWK6QAAABl0RVh0U29mdHdhcmUAQWRvYmUgSW1hZ2VSZWFkeXHJZTwAAAG1SURBVBgZpcG/S9RxHMfx5+dz3+LKsKxBC4KQXIvArYb+BQmuIYgGoaBJiAoiLCqwxUGwkBr7gaGOTu5NZhBkBRU3NEV2Q3d69/m+X+/6DEJcNoiPR3B3diKMjM1ePXN2+OFay3vcAQmXMBkuRy7cDLnjZphE7+7UXF39dmNhsjZdDJ8entpV7Yn9Vbajp9myKWC6aCWPrbVfbNd68sgfhZtz6UKHQBYIBCKRO3O3uHhylBOHT9G39yBFLPjb6ESdLLqLTSbj5etnZOutNlYa7s5WTEZW4E7mwMzSI340vlM/Xqe30ktZGjjg/EOlkUWTkT1ZekzFIscODfJ0cYZqZQ8YSI7jdJOJrHA5E/P32V/tY2hgiNKNA/v6WP34gXang7sIBLpJRhYl4+a52zSbLd58WmH5/TJzi/NstDew0pCcrUgii2VKZNdq12n8bPD5y1ee333Byru3BA8EAu5OtzKVZNFNbLp3+QGDA4Nk7Y1EJyXcRQiBbi6RRUlsKioF41fGyVI7IRP/I3eyMDI2O9t/9EhNZsiEmSEJSwlJyB2X4ebIhUtIZK8WJmvng7uzE5Ed+g22TgZNyTAeRAAAAABJRU5ErkJggg=="
"data:image/png;base64,iVBORw0KGgoAAAANSUhEUgAAABAAAAAQCAYAAAAf8/9hAAAABGdBTUEAAK/INwWK6QAAABl0RVh0U29mdHdhcmUAQWRvYmUgSW1hZ2VSZWFkeXHJZTwAAAIMSURBVBgZpcHNi05xGMfhz/07hzTDiKZmEmLYeM3iKTKUiFhY2EhZ2NjIBgsWYoUoSWr+B7NhY6GkJBRhYSMvJYRSFDPPi3N+9/01Z2Jvcl0mif9h+46PH92yrXXpe0f9EhCBIvBwFCIUyJ2QkDsewcDsuv3y5adTN67sHytbo61rs+b0p6E5zER/u+PXgLGyUyt1vk8yU91aiSmlXJw/uJKZOnzxPY1SChpVdgQohAcEIkJ4BJ6FZ+EKKhfLh+fh4TRKJBqWDJNQMmTCwkjJMEuYOVaIIhJlFo3ITiN5OI0EmBmWjCIZqTAsQZFgVlFw/tZuTt/cjIqaRnjQSAoxzYxGApIZKRlFYRQGKcGvXLF4cBXHxjdS5R4RTqOMcP4yM6ZJnLy+DSlTRabKmUULVrJqeCMTvTZ7x0ZYoKs0ylzXTDPDAEmYGTkqdq45hCvwcALx+cdH1i0eZbLq8qx7iPXnDswv5UGjAMQUM5Do5QpX8P7bG+rI5Kipvebnrwk2LNnKZN3h8bsH38qI4C8DjClm9HKP7JmhgaXkcFzBlx8fWDh3mOcfH/L47Qs6Tsv2HR8fH1qyaH+4Ex64OxHBz8Ej9KqKKip6uWLF4Go2jezi6YdH3H/1hGXdE7fvXD6zxyTxL9aeS+3W0u19917f/VQFOz5f0CummCT+xchZa3sUfd3wka8X9I4/fgON+TR7PCxMcAAAAABJRU5ErkJggg=="
"data:image/png;base64,iVBORw0KGgoAAAANSUhEUgAAABAAAAAQCAYAAAAf8/9hAAAABGdBTUEAAK/INwWK6QAAABl0RVh0U29mdHdhcmUAQWRvYmUgSW1hZ2VSZWFkeXHJZTwAAAD7SURBVDjLY/z//z8DJYCJgULAgi6gUvvEWEOVY6aqJJsxw79/DAxIDrxw+9ee/blirnhdYKjHtcpKmd1YiZ+JQZKbmeHivV97+j0EGEGaGf4T4QIZPiYlXhZGsM2g4Pn/FyL+/x+I/Ec4DEA2vv32jwEetjAa6B2YYXgNeHD/Z9iOM19XP3j3h+Hbz/9ATRBbwbH19z9hL9zrkn0PpMIUCh4Jaqpz7IZF8/8/DAwMWKIcZzQ+mCD3/tu3v+8Z/sC88h8aDgRcgAzAfoa54C9WB+A3AORnmCYw/ZdEA/4hO/kvAwMDyS74j4j6//+w6ifkBYQmXAmJccBzIwCU7Hm5Y0odkQAAAABJRU5ErkJggg=="
"data:image/png;base64,iVBORw0KGgoAAAANSUhEUgAAABAAAAAQCAYAAAAf8/9hAAAABGdBTUEAAK/INwWK6QAAABl0RVh0U29mdHdhcmUAQWRvYmUgSW1hZ2VSZWFkeXHJZTwAAAHbSURBVDjLdVK9qhpREJ7j7vrLGlhRiaCFFikkT2BxQZs8Q7pgJ9rcVuIj3MYHSJdXUAj+FDa2wSaIIihcJVUs1t91c75z7yyLd+8Hw5k5M9/MnDkjXNclYDqdDhzHqV6vV5In4fTL5XLx68N6vV4DTyCBJD/EYrFxsVik8/lM9+AigGEYNBqNaL1e15rN5lDHpczasSyLttstRSIRj+QnQt9sNpRMJqlUKtFyuWzL66GYTCYP8Xh8XCgUaL/fqw5Y0C6IQgjSNE1VN02TEokEDQYDWq1WNV2+p5NOp9UbERSNRpVwdX8nOG+3Gx2PRyqXyzSfz9s6qhwOB9rtdmTbtkeAcAcgASgCW9d1ymQyyo8EVVSezWaqVSbjCaFQyEsAMvsBDFzeVXX+nnw+T6fTSQVDkBQ+fCnPATZ8sJmn87/LqaqKnIBnwglgc0cAYlQCOFKpFFUqFS+Yg2BzMMh+fy6X8xL0e73eF27pbuPebCRvKU4pfeFfFkar1focDod/Z7NZZcutu3W7XY0CIBqNhhvkIC1inzVLraXh/LOFY5tBYWqVsZr3WCwW8WK1ofTNr+/mOzEvCaDc469buHywHYN1GWQEPiFoBsDHr3+e5PHt1fzx/PPTY1Dcf079mla6MmR7AAAAAElFTkSuQmCC"
"data:image/png;base64,iVBORw0KGgoAAAANSUhEUgAAABAAAAAQCAYAAAAf8/9hAAAABGdBTUEAAK/INwWK6QAAABl0RVh0U29mdHdhcmUAQWRvYmUgSW1hZ2VSZWFkeXHJZTwAAAIjSURBVDjLY/j//z8DJZiBqgb4dN1jDpnycL5Xx111z7a7/JVrnn8Aibs13DKrXv38t0/b3XkEXeDVdjetZOWzJx7Nd4y82+5McKm9pVm56tnPgK67a4n2glvjraicRU/vudTc5AzsurcmdOKDg3i9YGdnx52VlVXa2tr6bt68ef9ramoeJqXnXwHJ5eTkSAD5d0HiIHmQOpB6uAFGRkZsPj4+XRMnTvz/4sWL/3fv3v1/8ODB/42NjfdACqqrqw/dvHnzB0j8yJEj/0HqQOpB+sAGGBoa+hUXF3+4evXqu4iIiG3e3t5/UlNT/0+aNCkPpCA/P/8/iA8SB8mvWLHiIUg9SB/MBV1NTU3fJ0+enA5U+Mne3p5j7969HOfOneMAKTh06BDH2rVrOYDiakD5JyB1IPUgfWADdHV1M9PT099PmzatJCgoaKejo+MvNze3/4GBgf9BCoC0PogPEgfJg9SB1IP0gQ3QBAJfX9/rvb2971etWvV23bp1/6dPn/6/sLAQbEBFRQWYDxIHyYPUgdSD9IENUFNTYwY6z8DLy+t+SkrKl+zs7O9A/DM8PDwOpCAhOfc6kP8JJA6SB6kDqQfpw5kOPKtvHHTIu7JGL/wMZ0DzrXvaIaejiM4LTgVX1yZOuvdTN+yMplHk+QmaIaeNAhpuPlEPPJFG0ACr9Ivz4ife+60TesYMxA9tu/UBqJFfPeCEulHk2fmqfseZqZ4bAf27e9aCOQHGAAAAAElFTkSuQmCC"
"data:image/png;base64,iVBORw0KGgoAAAANSUhEUgAAABAAAAAQCAYAAAAf8/9hAAAABGdBTUEAAK/INwWK6QAAABl0RVh0U29mdHdhcmUAQWRvYmUgSW1hZ2VSZWFkeXHJZTwAAAMBSURBVDjLTdFNaJt1AMfx7/OePGnypE27LbNrcbpZKagTqQ6ZjsmGOETxoKiXwURlgkz04sGDeFGYMhEv7ii7DAU9dXOgMCcOy8bYRLtRN03b2JekadO89Pm/eulqv/C7fi4/x1oLwJFvp8eAkzuLmb0daehIgzSGrjIrwCpQAzTQAOrA18APPusZpR59cFvP3nefHGBzbWGSjjBJY00PCgmrqebvWovxv9oHgeObga2F0AFgelkTOA6+A54PUeAyFLl4rkvgwZ7BLNuTXN+p36qfbgBjhQujh6KfWLpu8YXBaEOqDVZLIIdz3wkIt3BX4vH+6QqfvDrMr7eCAR+gfvWAN5obHS31lvGCATJSYaVCiy7dxiQrpRexth9PgAEc3eTSrQZXKitVF8Bqs2Mk/nNnkB3GtP/AcXMYrVhbvsl8zyus5J+hnUJbGrAw30z5/PxUUwtxxK9d3h9abV7L94144GG6c+CnNP45T630Fq3keZDgYfGti7GgA40S6u7v33l8yTda77HKvBHld2FVF7wySIk2Hn63QjJzEtQaxsmjyi9g7RAqTdFSaQDfKvNFpvRIf7c+iVGGML4XjE9p+wHi+nW0FDSrV2ne8yFuVERqTavdUUATwDVKn6nevnbquysxNtzNwtQ5VNpGri0jOjUW9DD1sXOIHS+RzcbUWykqFfNnP3jaArjlJy6dOPbjsc/GZw+S7Hod0hadhd9ZrFzm396jNO//GJUZBgux77LY6KJFWr1zv7/v+Ol+4KOxkSFmfn6bMOpjtlumNvIVYTZP4FiC0CH0oBDD1HQHJcT8BqCFeAo4vFoZZ3nLFBfSo9xQj5HO1hFqEaUNxlr6koQ3D21jrt5BC7H4PyDlw8/tfyD73uFeLM/yUHE3ANqC1BahAAtfnq0SB7Da6qClrG8Gbs/VVjgzkVDsyVIszFHMRSS5iHwcEoUuke/y8r6tRD4sLq2ipZzZAIxS31ycmBy8ODE5DJTW17u+JBMGQSYTUMhlKRZirt2Yvgn8cgf4D/BEgoyc1axMAAAAAElFTkSuQmCC"
"data:image/png;base64,iVBORw0KGgoAAAANSUhEUgAAABAAAAAQCAYAAAAf8/9hAAAABGdBTUEAAK/INwWK6QAAABl0RVh0U29mdHdhcmUAQWRvYmUgSW1hZ2VSZWFkeXHJZTwAAAFCSURBVDjLpVOxSgNBFJxcrkmC+AV+gP5BwEKwtLESW0mZD7CyEyViJVhbG7DURvEXBAsDKgpGxIjIecnF29t9byyyAZu9wkz12HnMm3m7WyGJWRC3Dq7aq83FTpKzMcwyqFNYVczHNrvpDc5XmktrXz9siAJpksCKYK5qs9u7t+3T/fXjysn1q9TrtWhqhCSUAAkMR2PUGzWoAkqCBJST+qF3r4ft5Wo8toyy77En/zQpoSRSk/kaEH+mCoxyiQAARxcvDGHv7DnIbe1ekiQiUQ0uyIkEucJaAEAkUiLgwpzNvUDhyqa4sLiZcFHplBJxN41QNsWWOXDegTFFsMnkJixujI9QlOUMR1DxDopC/hVhentx//Gp2+rkG2IdksEHnDioE4goqOxv7uQLUjiIE6Sf76AI/NPpAkBl1t8YYUb8Ao9lHyy2IyRjAAAAAElFTkSuQmCC"
"data:image/png;base64,iVBORw0KGgoAAAANSUhEUgAAABAAAAAQCAYAAAAf8/9hAAAABGdBTUEAAK/INwWK6QAAABl0RVh0U29mdHdhcmUAQWRvYmUgSW1hZ2VSZWFkeXHJZTwAAAKZSURBVBgZpcFfaJV1HMfx9+/Zc9QtO0unOMdasEibGf65SLOCJWRX4p0gCCVddBVYF0FEF4Hsom668jIN6iJJvYgoRoOMeTBdEoORf2rqJseca8ftHM+e5/f8ft9P5+JcSJA3vV5OEv9HwiPc+/HlqbnRPeIRnCRq469KJiTtwjQo0+uS3lzVtx9JNG+eRaZvZfa9TBWLVpGpa+Dgb85JYuHnYa3s20+oTZGsXE/6xDZW9e6FjtWAoaJGdrdCNncZv3CVzv5h7k+e5KlDky6lRaZyVh1dWrP7c5ChWKdYvEBafhHnUvzc15S6trJi82FQZP7iJ1i0fbQktPQMn6tb8QBkFPOnKea/w7JbIAOE5X+RV7+ief0jkJEvTCOzCVpS2mQCDEUPVoAzbLmC6yhQzFDMUMhBkaRUJjSXNgK1lDZFAwnMo1jgkggsgytwyjl2tUotzzm+SViMWDSjJaFNJpCh6JE8kgcyoInIyUJB/7ohDp86AuZQtBItKW2KhllO0vk0sTHJBxcvgcbwFvAhsHHNMwz17qKePeDt2xf4tNR5n5aUNpl9tvT7F0e7h45g+W2CeV577g2ijGgRQ1QXZ3m+/yUafpm3Zs5NZ8eSFSltfQcm3p39ZsdR19FFefNBsnCaKOPW39cpLBCsoIgFS3md7U++QqNopr/cGM9SHqJo6xvTP9xLSt1kISPEwIbyAMEiUcadxRnWru7l8ux5zv85fsUHdjpJPOzGl1u3JKXy1Hu1u2SFx5snC57Bni3sHtzHxEyFsWujkz7wQnVEuZPEv/1x4tkNivZOkj724eObhpm/dGb6UH22Z8fA3u6fro396o091RF5Wpwk/suV44Nrow8fmw/vH2jcmYnWsW7ZYmluRIG2fwAIBqNZGcz/tQAAAABJRU5ErkJggg=="
"data:image/png;base64,iVBORw0KGgoAAAANSUhEUgAAABAAAAAQCAYAAAAf8/9hAAAABGdBTUEAAK/INwWK6QAAABl0RVh0U29mdHdhcmUAQWRvYmUgSW1hZ2VSZWFkeXHJZTwAAAJKSURBVDjLdZJNSFRRFIC/82YazQJpkVgbQV9aU23cuQtatIxaREi4C9zmQvrBpEUGLtvnQkqIVi0jgmzjT5PWZJYwIiEG2iInnR/ffeeeFuNMjtaFwz1wz/fde+69Ymb03Z1Ine88uZxMSuP84lo4PtKb5x/j0rX7zafPtee2torlxWymY/rVWCRmBlAneZ/9Hk6M9tVJLl693dx5tiNXKBbLix9nOzJvnkUANQHAjTtPU+n248uYNc7MLIYvnwzkAS5cvtUcnjmVKxZK5a+fZzvm3z6PqkydAODKzceprs4TOfXx4Q/Tc2EUFelMd+UK26XSty+Z8NO7F9HeejEzBgcHHwD3qjIzo6WlJQGgqnjvWV9fVzPDzFBVCoXCw/Hx8eHkLjAUXn8k+y/NDNTAe8OXNLH221FSMODXWO8QMBwANDU1ScsRIZCDcKzGj7xjNe+IvZAQCADnnEAlx8xoTELrUSEZ/IXLkbK6GbEVeRIiJIIKEIigqtQEzjmcVsBjjYJIBf65HWOeXVgIEAIRAqMmSAJEUUTkgd2dU2LkywoIIkYAeKOSG3jZJ1BVnFaK1Hu2nKcpFeDUCAJQBcQQE6qPXieI45gdNcxDKTbUV/o8lDBiJ3VwNbz39S0UdgznoeSMWEHNUBNMKmf2tgfG6gUNDQ1svh5lZWWFkaUlBtracM6RTqdZmJuju7ubqakpenp6mJycJAzDWgtiZvT391trayuq+t/w3tdm7z3ZbJZMJiNJgI2NDRYWFmqL3nvM7EBe/crVvwPwB5ahnKoTKjg4AAAAAElFTkSuQmCC"
"data:image/png;base64,iVBORw0KGgoAAAANSUhEUgAAABAAAAAQCAYAAAAf8/9hAAAABGdBTUEAAK/INwWK6QAAABl0RVh0U29mdHdhcmUAQWRvYmUgSW1hZ2VSZWFkeXHJZTwAAAJcSURBVDjLpZPvS1NRGMfvv9Db6FUvIpDqLwj6AZER1EhBkvTFTALNlWJrkwKRoWKGjZltaUmuYmsIq7SEtrSt1qakzh/TtunSdq9j8253u3fL1vh27t2KNAqsAx+ecw7n+z0PzzkPBYD6HyjZZVNNpzXINz0OQP2IYPwI1YMFXOmfQ+O9WTT0eVFvmMQl/Qcobo+jVueG2uDkRZ1koLEEc9qRNWwXRddYTjIQb/4XqjtGIRmojX6k0+ltI2+15Q1UA4sQBAG8BA+e56W5w+H4jQmbDgsPy+C3ajDVdwzT3UUVlFiwZDKJshbvT1JkLQp+HQJtBWNXIuF9DqTCiHstcN04vkaJ1U5wHLgEgUsUIrfJQKCHwM43Y2P1KZjRDqRnBvEt5MTM/eoMJT4Vy8YRj8elKBFnSWTJHovoEhHPXkMu7UQ6WIt1z0X4BuRw6+XwaGV7qIbeacRiMUQLiPNYNCZl4LF1g51RIZdxQQhUIrNSjuS8GqH+06i73psvoqJnApFIZFMNxPXrwXYw48qCuAKZT2fBzTZhyXASjM+JkkZL3qBO5wHDMIS1QmTge2fE/MtGkvYbZJbl+LJyDgmSSUB/Al85WjpzpsGcN6jVvkc4TBPCoAnuoR7MDasx/aILn92lEJbLsT51Ff67p7C6OAmaFs/RkNWb8KMXTBduOqSfVdVmh7n9KJAMYcFQArt6J97eKcZw8yHUqPQk7SfkZhOIRsQkGWztrpbzRdkNlw4b7ltwaw7DXLUrNaLaf+CP3bh1o/Tgjkxr5d6sra04+6rzyNgz5b7df2vn7z39IYTVO0xbAAAAAElFTkSuQmCC"
"data:image/png;base64,iVBORw0KGgoAAAANSUhEUgAAABAAAAAQCAYAAAAf8/9hAAAABGdBTUEAAK/INwWK6QAAABl0RVh0U29mdHdhcmUAQWRvYmUgSW1hZ2VSZWFkeXHJZTwAAAJTSURBVDjLpVPPbxJBFP5md4Gl/HAJULHogRqUJiVpw8GYmFjhoDcPHIzRBO+Gk8c2HvwTjCfryaQcjDZR08hFwsWD1DZGQhSLaUk4UDkYUQSWZdd504Ct4dZJvrzZzXzv+957M8yyLBxnSTjmUkabarX6djgcJjlgGAYGg8EYuq6P0e/3KRYymUyKeIxK4OTLdru9GAwGxaH/1+EybTYbisUi6vV6KpvNFoQDrnhf0zQ0m004HI4x6TCR9o1GA16vF5FIhESX+e8CK5fLQt3v96Pdbh+xS6UQkTEGWZaFusfjgcvlQj6fR61WSymkTtapVjqkqqrASF3ETgX4+Q6m9yZM00Sv10M8HkelUllWSKnT6aDVaokGEYEOUTMpMkvHGbaB6dkUdqrraBqLUBQFbrdbuKQESVKiDyLxkoRlSTqY8FmtjkDiErynFjH16RnsmEF3GEA4HCZOUiJVqpVACUagb5W1EXbuwRPQMGy/wumFO/DpWxga+njEIsGIRJZjsRii0ShmZyOYD7UwM38D6G2j9HQNbq0LtfsNU/quOEsJFEpAE6AEo9EJ/PoCTZ+Cx/eHq+/ybvK+/N5EZOkeBoVVnJxOC5csl8u94bVcO3TLMNC7uODbxELqNlTbe5h64+AyMBtkVwL7OxLWX25gs+nPs0mPafvx0t3A3PVHoXNOrlrijnRsvfiMRHoOTD4BOK/iw5OV75ZpXpmYoPTwYiN+ay0sS3uwjB90G468P9l5HvuVj/j6+sFzZdILM/q6ur2a7lom7wVv1j9Y4wiKlhX6C0eqiNj1HMM7AAAAAElFTkSuQmCC"
"data:image/png;base64,iVBORw0KGgoAAAANSUhEUgAAABAAAAAQCAQAAAC1+jfqAAAABGdBTUEAAK/INwWK6QAAABl0RVh0U29mdHdhcmUAQWRvYmUgSW1hZ2VSZWFkeXHJZTwAAAETSURBVBgZfcExS0JRGIDh996OFIQEgSRhTS1Bg0trw937B9UPCAT3hnJ1kYbGhrv0BxoaXSsMhBCsyUEcoiTKUM/3HU8Fce4Q+DyRZz5DcOkdiqIIiiAo7xiCMXs4HI4ZisPhOMcQOJQbOoxxKHm22UUxBBbHM1cRfw58GUtMIAieTIwgxAQWRclMEZSYwCIIGYsixASCYsl4pgiGwDFF+HWUaDopbfCGHRp+nCWSTktFXvFDOKyuNNYp4LhFriPPaXW5UWAV5Y6HNH+/dbHJIjN6NHlJzMnxWqNIDqFHh8/U7hiEJbp0+ar0m2a4MGFEjie6jCrtJs1y57FuI21R6w8g8uwnH/VJJK1ZrT3gn8gz3zcVUYEwGmDcvQAAAABJRU5ErkJggg=="
"data:image/png;base64,iVBORw0KGgoAAAANSUhEUgAAABAAAAAQCAYAAAAf8/9hAAAABGdBTUEAAK/INwWK6QAAABl0RVh0U29mdHdhcmUAQWRvYmUgSW1hZ2VSZWFkeXHJZTwAAAKZSURBVDjLpZM7TFNhFMd/t/f2IqVQqAWM72IVMUEjIRoiYnTxEWEyTjqoiYNuxkSjk5uJg4ODDjoYE6ODm4sOJlopqNRY5VXC09oCRaCg3t572++7DspTnTzJyTnfyTn/739O8lccx+F/TBsdHb0MHAOQUuI4DlLKJS6E+CP+9gdKKpXKBwIBFWAxm7n8b3Euj8ViQnMcR3W73dyMCmzjG9PxVzi5H7jKa6gI1nLE208oFOLy8wyGaWNkbQwzx+PTIYQQqrb417reW+RT7xhJJBieMHCufgQgl8txbV8hUhbMrwUghECbewDkKnfStH0NB3SN1o5OYqo63xgOhymWXQQyHajeWka+vsRdth9NCPFrOC95m16Npk3jLSkhau9masoE7y+A+tA0+cQEhetO4AvuJDNUTc+LhwsMMok+yoNVPNHqmPpss8Kvs+pHEgAr/QzViuPfvIepgR50xaa4ZBXe0soFBmuKZumaLEX6Symr1DFnTYrlBGq2G83di6/qINboI3SPwsiHXqSjk/Q1LgCcP9wwfwvDMLAsC2syQYHZiW9TC2byDi49j9u7gSLnC4FDNxho78Y1B5BIJIhGowwPD+PxeLDGwpBpxRdqwUzexuXOYc9uZOzle2aqTlFYvgkpJUosFusWQtQIIaivr1cikYhjj7dR4Rlna1Mz9vh9FNXGnFlLOvweacwE+7ZcGfp9ux5luRbunVt/pqH55N28UsFKfytlFTrmzDomX79JSyvbUH2hbXCJFpaLo2TjlrvbGs8Sf3SRvnCEgvU7yKfjqTJdPVh7qX1web9reSHeP5a3u54S3LGXoqJqkh2fvptZ+0jtpfbOv6nxjxWON/mzdVWV2q6aII7bimTTE6eOXv84+C85/wR0RnLQ/rM7uwAAAABJRU5ErkJggg=="
"data:image/png;base64,iVBORw0KGgoAAAANSUhEUgAAABAAAAAQCAYAAAAf8/9hAAAABGdBTUEAAK/INwWK6QAAABl0RVh0U29mdHdhcmUAQWRvYmUgSW1hZ2VSZWFkeXHJZTwAAALbSURBVDjLfZHrM5RhGMb9A33uq7ERq7XsOry7y2qlPqRFDsVk0c4wZZgRckjJeWMQRhkju5HN6V1nERa7atJMw0zMNLUow1SOUby7mNmrdzWJWn245nnumee+7vt3PRYALI6SZy8fnt08kenu0eoW4E666v9+c6gQDQgYB2thJwGPNrfOmBJfK0GTSxT/qfP3/xqcNk3s4SX9rt1VbgZBs+tq9N1zSv98vp5fwzWG3BAUHGkg7CLWPToIw97KJLHBb3QBT+kMXq0zMrQJ0M63IbUoAuIozk2zBjSnyL3FFcImYt2HPAvVlBx97+pRMpoH1n1bRPT6oXmsEk7Fp+BYYA+HPCY9tYPYoDn32WlOo6eSh8bxUuQ+lyK9MwTJnZEQVhJgFdhBWn8Z3v42uv0NaM4dmhP8Bpc6oZJYuqTyh/JNMTJ7wpGo8oPkiRfyO4IxOXId1cOFcMixgyDUuu0QAq/e+RVRywUh54KcqEBGdxgSSF9IakUIb/DD24FIrOpaoO6PBSuDCWaazaZdsnXcoQyIR1xDaFMAigbjEN8sRpjCC0F1F9A3EIdlOofdzWlMtgfDN5sN28QTxpPxDNjEWv0J0O0BZ+uaSoqyoRRIHnsjUOGDqu4ETLRehGG5G4bPJVib6YHioRDiVPvjph5GtOXtfQN+uYuMU8RCdk8KguRiFHelobVBjJX3JAzz2dDe42JnlcSE/IxxvFoUaPYbuTK2hpFkiZqRClSRUnxUp2N7qQ7U9FVoZU7Qz6VgffYZBkuJxddlxLF/DExySGdqOLfsMag4j290cPpPSdj6EPJLOgmNUoo5TTnac9mlZg1MypJxx+a0Jdj+Wrk3fUt3hUbg7J3UbAyoLx3Q5rAWNVn2TLMG9HoL1MoMttfUMCzRGSy1HJAKuz+msDBWj6F0mxazBi8LOSsvZI7UaB6boidRA5lM9GfYYfiOLUU3Ueo0a0qdwqAGk61GfwIga508Gu46TQAAAABJRU5ErkJggg=="
"data:image/png;base64,iVBORw0KGgoAAAANSUhEUgAAABAAAAAQCAYAAAAf8/9hAAAABGdBTUEAAK/INwWK6QAAABl0RVh0U29mdHdhcmUAQWRvYmUgSW1hZ2VSZWFkeXHJZTwAAANZSURBVDjLVZN7TFNnGIdPTMwSY/aHyTJjYkJmIjNT/zCLMS4uoomKRhMTTcjwMoJCWDTGeUFAtmIkoKIoA4QqoJRLrKyzLQ63qS2ltDtcpOXYQi1SbMFSodALp1fbn+9pgGwneU6+vN/7e75LzmEAMHNPmSWEiDASPcRnQv2/UO3L+XmWSF6oM7MyZilxfa43fTwyrYK394iLVezXnn8eURPuedT/Kg5qfAM50wHzZTf1s8TqhMDVyhR42aMT4cmnmNJnzPZJt/pLtdOo7HWhzuBMIIxvaUZhkG7iPVwR7zec+0C5fmIp43jAFPqMl92TXRmzuqat0Qq9HY+M79GiGUO1zISKxyY8eDGKloFx1HeqMKTYHQs4Hn+cfLLOQtlk5m0ts21YvMzSfX8jf101ilbWDpnKhhGHF9NeP6a8c7DYvZD8PYL6LhseyctgbNkSMos/f0XZ5MRFnK9T3sj9nYNYa4OUVhOeGY8HbyacCNJYwB8H/lA2Y7g5DVZ5MQx1u2Cs+uZYQpBe26++0MahpsMCM63MR+Pw8zyq6hvgIpEvFIL6WQmcL3PhGWwn2wRmB9ugL9szmRAcuq1xn215hWvNRrgCEcyEYgjTRJ6oCE0yOe7dyYDbJELYoYBTfQMBToaPY1pwDVnBhOBASYc76z4LUcMA7P4ISWJweHy4WnYT1eXZmHldiFhAi8DbU3D3nMaQJBOsODPeU3FwbUKw55c2dVq5CkWSfnRaPXhPh3b4Iuj8pxozXB5iQT34keMI2tPhM+eDq9mH7CuVfYnvQHilXHgo2it6gjP3dCiVWjBFF2YdlMPZmzsfPobgux/gfV0Ac1Uqhe9CyCwKvjtd/S1h2lWoxNlaDWrqxDD/dZG2rUHQlomQ/Sg8tJOhqt1I+7UJQq+QWRQIbD5Zlp1TKuGzfr4I05/5MHbcxjh7GLwtHW7DJQz8tg8/lUhwovghL/Qu/gsLA51Ol8JxHKTXdgK+MQyLD+Fl/ip016RCKdqOjLxydGm74906XZx6v/+foL29/QvCb7VacTVrA8L6SoTZO2CLU9CcmRTf/2NO3/q0ApFCqfRZLBZQb5RYsyhobGxcTgwT4cPbVoRKjn8dfVGaGn1+c0enMnfDVwur0XwS4SEmiJVC7RNi1+PWy99nOwAAAABJRU5ErkJggg=="
"data:image/png;base64,iVBORw0KGgoAAAANSUhEUgAAABAAAAAQCAYAAAAf8/9hAAAABGdBTUEAAK/INwWK6QAAABl0RVh0U29mdHdhcmUAQWRvYmUgSW1hZ2VSZWFkeXHJZTwAAAJ+SURBVBgZBcExbFRlAADg7//fu7teC3elQEoMgeDkYDQ6oMQQTYyGxMHZuDA6Ypw0cWI20cHJUdl0cJLIiomR6OACGhUCpqGWtlzbu/b97/3v9/tCKQVc/e7RRXz+7OrSpUXbW7S9tu8ddv0M+3iCjF1s42v8WAP0XffKi2eOXfro9dMAYJ766SL1092jfDa17DfZgycHfvh7/hau1QB9161PhgE8epoNQlAHqprRIDo3iqoYDSpeOjv2zHRl7atfNj6LALltJys1Xc9+CmYtTxtmR8yO2D7kv4MMPr7x0KULK54/NThdA+S2XTs+jOYN86MsxqBGVRErKkEV6BHynp//2fXbw9lGDZBTWp+OK7PDzqIpYiyqSMxBFakUVYVS2dxrfHHrrz1crQG6lM6vTwZmR0UHhSoHsSBTKeoS9YU8yLrUXfj+w9d2IkBOzfkz05F5KkKkCkFERACEQil0TSOnJkMNV67fHNdVHI4GUcpZVFAUZAEExEibs4P5osMeROiadHoUiIEeCgFREAoRBOMB2weNrkmbNz+9UiBCTs1yrVdHqhgIkRL0EOj7QGG5jrZ2D+XUbADEy9dunOpSun7xuXMe7xUPNrOd/WyeyKUIoRgOGS8xWWZ7b6FLaROgzim9iXd+vXvf7mHtoCnaXDRtkLpel3t9KdamUx+8fcbj7YWc0hZAndv25XffeGH8yfuvAoBcaHOROhS+vLlhecD+wUJu222AOrft/cdPZr65ddfqsbHVyZLVlZHpysjx5aHRMBrV0XuX141qtnb25bb9F6Duu+7b23funb195955nMRJnMAJTJeGg8HS0sBkZWx1suz3Px79iZ8A/gd7ijssEaZF9QAAAABJRU5ErkJggg=="
"data:image/png;base64,iVBORw0KGgoAAAANSUhEUgAAABAAAAAQCAYAAAAf8/9hAAAABGdBTUEAAK/INwWK6QAAABl0RVh0U29mdHdhcmUAQWRvYmUgSW1hZ2VSZWFkeXHJZTwAAADPSURBVDjL3VIxCsJAEJyTaCmIYCFWfsMuviNPsAzkB/7E3gdob2+V1kKwsUmOmLu9c+8wASVocalcWGY5dmdmlxPWWoTEAIERNUWWZa0VIkJd16iqClJKn2VZ+iyKwmOe58L1itAVWgdpmtpfqs37q6dnB0mS2C+qxKonxtUnQT8OtvvbYTEdxl0NRBbaGChGpcBIeGjgfJHH3Wa59gRueDZut4ExFmTcIKcWjG4Q0JHhOvKk88kofrvB9a46lRRPKybQ2nii3m8Q/JX/gOAJ1Om5dnjvy8QAAAAASUVORK5CYII="
"data:image/png;base64,iVBORw0KGgoAAAANSUhEUgAAABAAAAAQCAYAAAAf8/9hAAAABGdBTUEAAK/INwWK6QAAABl0RVh0U29mdHdhcmUAQWRvYmUgSW1hZ2VSZWFkeXHJZTwAAAH/SURBVDjLjZLNS5RxEMc/8zyPz25vLFkEUodfhpBFGpQhXSoivFl/Qp46RJeC7OQpSAJZglow6BDsKRCCoEMdKgwTUShfLtZidFhpsyV7xM1dfjPdZLXQndt8GT4z850RM6ORyOVyliQJ/f39Uq8HNBiqysTExD96VJ8MDw8Pmdl5EWkB9gNNIoKq4pwjiqKtAdVq9WZPTw+pVGq92HuP9x5VJQzDrQGqSiaT4czIXnZESkUFMPbENZ52f99+giiK8N4joXH7nBAFhgBD0xG/q7o9IAgCarUaEhhxCJgRABIaGI1NoKpICAOjYAIigICZ3x4QhiGqyrOOWVR13TzvPZkw0zhgJMmTSqU4/PkYra2t7HvwhMmr3UjbEteyVyxZXU5+rZTvv7z36a7Uf2I+n7euri7K5fJ6ZzNjpviBctM8p9pPc6i5jTdzzxmfHeXrl6Wh4H8eFAoFVJWFhQXMjMlvbzl5tBMfeDpbLuGlRveJswDXg80rmBnOOQCcc6gqP5MSTbKb3vYbANy6+JgjBzoA0sHmM6oqi4uLxHFMqVQinU6znJSZK44x+LoPgMFXfRRK0wB/NgBEZKVSqeCcIwgCnHPEccyF45cZnx4jJuLFTI5YIt5/fAfwaIOJ2Wx2YGpqqndtbQ0RqQeztGv+4OrOH82GxkAC5MYfFu/8BdnT67i+1n1kAAAAAElFTkSuQmCC"
"data:image/png;base64,iVBORw0KGgoAAAANSUhEUgAAABAAAAAQCAYAAAAf8/9hAAAABGdBTUEAAK/INwWK6QAAABl0RVh0U29mdHdhcmUAQWRvYmUgSW1hZ2VSZWFkeXHJZTwAAAIASURBVDjLpVPPaxNREJ6Vt01caH4oWk1T0ZKlGIo9RG+BUsEK4kEP/Q8qPXnpqRdPBf8A8Wahhx7FQ0GF9FJ6UksqwfTSBDGyB5HkkphC9tfb7jfbtyQQTx142byZ75v5ZnZWC4KALmICPy+2DkvKIX2f/POz83LxCL7nrz+WPNcll49DrhM9v7xdO9JW330DuXrrqkFSgig5iR2Cfv3t3gNxOnv5BwU+eZ5HuON5/PMPJZKJ+yKQfpW0S7TxdC6WJaWkyvff1LDaFRAeLZj05MHsiPTS6hua0PUqtwC5sHq9zv9RYWl+nu5cETcnJ1M0M5WlWq3GsX6/T+VymRzHDluZiGYAAsw0TQahV8uyyGq1qFgskm0bHIO/1+sx1rFtchJhArwEyIQ1Gg2WD2A6nWawHQJVDIWgIJfLhQowTIeE9D0mKAU8qPC0220afsWFQoH93W6X7yCDJ+DEBeBmsxnPIJVKxWQVUwry+XyUwBlKMKwA8jqdDhOVCqVAzQDVvXAXhOdGBFgymYwrGoZBmUyGjxCCdF0fSahaFdgoTHRxfTveMCXvWfkuE3Y+f40qhgT/nMitupzApdvT18bu+YeDQwY9Xl4aG9/d/URiMBhQq/dvZMeVghtT17lSZW9/rAKsvPa/r9Fc2dw+Pe0/xI6kM9mT5vtXy+Nw2kU/5zOGRpvuMIu0YAAAAABJRU5ErkJggg=="
"data:image/png;base64,iVBORw0KGgoAAAANSUhEUgAAABAAAAAQCAYAAAAf8/9hAAAABGdBTUEAAK/INwWK6QAAABl0RVh0U29mdHdhcmUAQWRvYmUgSW1hZ2VSZWFkeXHJZTwAAAIISURBVDjLlZPRT1JxFMf5E+6fwL9Ri8lsI5cSV7swL82w0SZTB6zWXOuB0cLU8HKhuAooTNrFupcAsYWjh1sRIaDgTLGXxmubD2w+9Prth29tXMWH83J+Z5/vOd9zfhoAml7h+mg3ReuhUxIdR37CrVanUXvgvvsOtk4kbJ+kEaos/bkSYCZv0wcri7/zrTS2f32AUOX+2nPWACvd1V4KmM7fnxQP1pE+2kSuJUM+EpFpvUOS5MJVHgQSuBCwWuU72eP3EA8TWCx523NFl+Iv+zrxRgRr+wKeFJ1NVYA9y+o3mjFskbkj9SDGpTGqm2dSJmosZfRYZXPClLxNqQJsGYt2bS+MbEtCF2SVmQCTukOPikaqbxPnik4l3ohC+ilivbGKcC0Af/klXAVHczhuoC8FmDdpyl2YUrjyAlmfHytklATpJronwP9jAYbYIN3XHXTDuDGkJ6qeRzsz7XCNh1AjvshmRRXQnZWVmIQxOfTf5RFV/fw3LyJkC+6d2U5PwOjbEe3Tz4/bQp0/b92WY5VbsZtuQ3SQfpC71+R3/eAqr2ASR7I9AUSVepibUHhSFCVKQv31uXm+0nPwVQ5dgOfLM+jeXNdf6AFRnZz9NNVeKs8jtr+CCDHvRcmL8bSlqQtdo/v+TBaZ+RrcXUaQqLMZy+GVf+OAcGPaWXCckW7OBgTdslrdPxtwvK6n/CCRAAAAAElFTkSuQmCC"
"data:image/png;base64,iVBORw0KGgoAAAANSUhEUgAAABAAAAAQCAYAAAAf8/9hAAAABGdBTUEAAK/INwWK6QAAABl0RVh0U29mdHdhcmUAQWRvYmUgSW1hZ2VSZWFkeXHJZTwAAAIZSURBVDjLpZPPS1RRGIafe+feSccfacxACUFYDGaKlEmrqFVEi6Bdy7YmLqL6A1oEtQiCglZBtYhKKqiEFiGRUERQthhEjKi0UNSbkk73zjnfd1pMM2VpBB64i8OFh/flOa/nnGMtx7tzoq3g1HnqHKoOVUXUIaqoOkTK9+PXJtpXAgSq6vV0dyALBuOKWJdgBVSUb0lAfWMDz1++XjVBIOKMiebC8x2P8DxwDqxV5qOY6aklLtOHFf0HQNUPvVpMSfB9D3WOg0MH8iqKqPJeF8k113G9d+vMCrVygRXFqvI1igkCv/xThJ1dbdgFQ5qI2CzheakVawXWKsYIM9NF/JSHqqMkvitFkde7Z5I6r4i1isukqQnWka1t5uRjrdYKrIjGkDo1eWi7U0fFxuh4RN/Y7zaKWdElxs7mZ0OdwIpUABoOjxTYlGvk/2y0YIxg7XgZ0H/jczvAzf58YqK59LH2e2wJN5Cx8MnAlZ4L7M5+5NWld1hRMnWGIFisVvArOio2Utmj3He7iC1kgSdf9rNoNhNqhBXhyMAoSRIj+gegYqOplKGrYZ6p5jzWv8tAoZuGW6cxpgVrlcGHbxgcfotIeQJBFfDTRseO9XTW91HDDCPfz5Ekt2lt2kZwsRz7zIP53LKH9CuBaAwcvjqFF87Sum8je+nkw7MJCF6QJFKNvQpA08MjBUQVEcfToeWjqnx/rXGtc/4BfOeC6F88S7oAAAAASUVORK5CYII="
"data:image/png;base64,iVBORw0KGgoAAAANSUhEUgAAABAAAAAQCAYAAAAf8/9hAAAABGdBTUEAAK/INwWK6QAAABl0RVh0U29mdHdhcmUAQWRvYmUgSW1hZ2VSZWFkeXHJZTwAAAI4SURBVDjLhVPNaxNREJ8k2yxuDMGEkGi0QltREC9+HQQPKl5EkBz8D7xI/QDxIh4KpeA5lII3IbeAF6UKHjU5SS2op1JKTFiN5GOD6WY/s/t8M5u3bkvBWWZneJn3m99vdhJrNBqrjLEH3MH3fRBRuOd55NN8qVwuL0PU6vX6N13X2f+s3++zWq1WxwZRlxAZbf37CBiP/IzcxwL4l1+bZcRkvxGAG2DAscxMAIAPRaBXS3NIguu6VNdefHoPDPP97Ku1X1KAynXzwuGuBdudMSiHkmHnoxmJxwRdnEwm0L7/5HkK3BV9bGzwo0uBhKmeTEqGCwvyHimYDwcBgxPq7yKMjTe2Y68cjnsXf1y/s0gMEjEAj1e2h+4e/X5kHv6Xr3C+rS7ounHbNa3HcpJVYGw+JADsfuuMHGok6VNWaMmkDNrnFEx2deAMXpz88DrWvHyzApZ1WkJdwhzHgW63C5qmEeVsNgv5fJ4D8JkguGEBGxtBsWECs20gAPEp8bKqquFC8f2gPJ1Og692QHIdYIb1rHn2yqO0IsHoj70VFwywcDAYUCyVSuQI0uv1KMZuXIVP2SM7YJrrM75XYY4NYNmr8agE0VloF/MRM9mcP95hln1XTjAY/RxuzPW21iQcnJCAmpF2q9UKgfBMAGCzuebm0k7uVAecyVvaxCgDHBh25XtPF3K5HBSLxRBAfKX5wfbLcJXxEH9UFIW8UCjAQYY1B/4XOIOP1Wr1HDLBgmgUecTf7Qf4C2kj+HVimC2aAAAAAElFTkSuQmCC"
"data:image/png;base64,iVBORw0KGgoAAAANSUhEUgAAABAAAAAQCAYAAAAf8/9hAAAABGdBTUEAAK/INwWK6QAAABl0RVh0U29mdHdhcmUAQWRvYmUgSW1hZ2VSZWFkeXHJZTwAAAGWSURBVBgZpcE/a1NhGMbh3/OeN56cKq2Dp6AoCOKmk4uCn8DNycEOIojilr2TaBfRzVnESQR3Bz+FFDoWA2IjtkRqmpyc97k9qYl/IQV7XSaJw4g0VlZfP0m13dwepPbuiH85fyhyWCx4/ubxjU6kkdxWHt69VC6XpZlFBAhwJgwJJHAmRKorbj94ewvoRBrbuykvT5R2/+lLTp05Tp45STmEJYJBMAjByILxYeM9jzr3GCczGpHGYAQhRM6fO8uFy1fJQoaUwCKYEcwwC4QQaGUBd36KTDmQ523axTGQmEcIEBORKQfG1ZDxcA/MkBxXwj1ggCQyS9TVAMmZiUxJ8Ln/kS+9PmOvcSW+jrao0mmMH5bzHfa+9UGBmciUBJ+2Fmh1h+yTQCXSkJkdCrpd8btIwwEJQnaEkOXMk7XaiF8CUxL/JdKQOwb0Ntc5SG9zHXQNd/ZFGsaEeLa2ChjzXQcqZiKNxSL0vR4unVwwMENMCATib0ZdV+QtE41I42geXt1Ze3dlMNZFdw6Ut6CIvKBhkjiM79Pyq1YUmtkKAAAAAElFTkSuQmCC"
"data:image/png;base64,iVBORw0KGgoAAAANSUhEUgAAABAAAAAQCAYAAAAf8/9hAAAABGdBTUEAAK/INwWK6QAAABl0RVh0U29mdHdhcmUAQWRvYmUgSW1hZ2VSZWFkeXHJZTwAAAIuSURBVDjLjZNPiFJRFManVo24jYISClqli3KGp0VY7mSCBqKoIHIIahFtStwUCPVGIiloRJmkqQERiqBFIZGtcgrHrCGaFo+hCQlCU9/T558n/v+699Z7PBmjDnzcxbnnd8/53jtjAMaoSOwkmiDi/qFdRJu1Oh1gotVqyd1ut9/r9TBKJI9QKDSnh+gBXKfT6cfjcbhcLvj9flQqFVSrVXYWCgUGyefzCIfDGkQt3kQBklTGvv022A84yWlFJpNBvV6HLMsoFosM0Gw20Wg0EIlEfkP0AFEUEb53EYnnbpw5MYV0Os0KarUaSqXShpGYJ3pAWfyJ3IcjKH5y4NIpK5aX37O5FUVho9AHaCe5XG40IJlcwv1gAMLnFSw8fASfzwfiiwahnVA/JEnaCOA47mw0GkWvDxbZbBZmsxk8z2sQOg71hIKGAB6PZ9xms60KggA16AWv1wuDwcBgFNJutxmEaghwbPr4Ubd7hhUOBgMNkkgkYDQakUqlQP4PBqCi3QwBzp+bPulwHEaHXKIJNW4H7mDLuAHr699YB+ooQ4DCu8u7f7yaeum0b8ObpbRW/H31KSatFph2bCfGiRpAlQZYix16lnuyF8Gre/BgYRFKkzjekJGcd+L66a14ccuM8pebbAS9NMDHxzMX1hYt+ZV5S+3aFTcCd+cwO8sjduMg3gat+BqzQ3jNj9qNvubBn085SQxSaOJvy6QvJnfrbHt1ABOF/Mc6q6Krb/oFGtGkE2IcdecAAAAASUVORK5CYII="
"data:image/png;base64,iVBORw0KGgoAAAANSUhEUgAAABAAAAAQCAYAAAAf8/9hAAAABGdBTUEAAK/INwWK6QAAABl0RVh0U29mdHdhcmUAQWRvYmUgSW1hZ2VSZWFkeXHJZTwAAAMVSURBVDjLdZNLaFx1GEfPnZk7cyfNkElS0jTVKKRpE2PSpAhKHyqo2QhtShUiCPWBLhTdFKUUlxYUqggGxYqIbsSNFKQmVqMhTVujSQuhtnmMaR5NJs0kncz7ztz5f5+LgguNv/WPszkcS1XZbFPnDrUh8q6KRlTkrdYj/Vc3+1n/Bkz3H65T0TdV5PXapiNRU1jjztxgVkU/UyMfPtg7uLwpYGagx1bVF1Tk7ciO7p3bWp/BJ4ZsfAw75Gc1NsTGrfF5FTmtIl90Hhsp/AOYHujpRvSdUHXnwW0tR3Gqm0FLlJMz3Bw6xb0P7MdXcR/FXILbsXEyiRujasypva+Mfm9N9R/+EpFjW3f2Wk5NO25mjVTiBqaUxcvFCVlF6ht3g5vEX9mIz4mQjk9zOzZOPjn/TUCNPL/ryT7Ly6yRjQ8hpTShfIJ8Ok56cYm9vR9jh7dAbg7NxbDS09Q2dFBVA1d+mH02oCI5xaoKOiEiNY0UEtepqI4SrQ4TJg/uApgguEtQWCS/Mkp27hLO/UdRI7mAioAAVhC7qhk7FMFdHUOyq9h+sPJ/gU8prfxMJr1BORyFYAj1yqgIATXCXQ8GtAiBLTh1XZSDYRx3HVn5iZSXoexUYkIRJF+CsiKlMmoMATXmrlA1IB5IHrRIoHIHkfpdpO6M4fkcLiyFuLwWJu26lNwUB5MTtBghoCJhn20DYSivgxRBXDBFcBooK/yyEGTKruXxRx/inppmfv3zLOevXWByw630qZHh2eGPKCQXINQA/gowJVAPENQTflzw6GzZg/EZ9mx/CmN5PNK+j4s5z/KJMU9nFkdenRw4GZv//WsMQYjsBjsMCqbokcisY1uVHGp9A4DjT5yhqa4Do/j8n343b+o7X7oSHzvzbT4x48UnzrVj+Z1I48NY9lZEwnw1OkT1dpvh2bMcaOrhvfMvkimsc21yyv1PTH/0dbWpkZMq8lzTYy9bhdU5Pr84yPVomX0dB2iu72Jm5SqXJka4dTP1gfV/OV8+3datIicQCarI+8eXc/uB14AIkAE++a1v+cTfDyOvKVPjhy0AAAAASUVORK5CYII="
"data:image/png;base64,iVBORw0KGgoAAAANSUhEUgAAABAAAAAQCAYAAAAf8/9hAAAABGdBTUEAAK/INwWK6QAAABl0RVh0U29mdHdhcmUAQWRvYmUgSW1hZ2VSZWFkeXHJZTwAAAE0SURBVDjLtZHPSgJRGMXdzmPM88w+gqBF0KZF0CIIstkkhVhSIGFYYWHSHxKmCSdhYAiCIEJTk4ibNJbUA1jjXDenMy+gzkSLD+7i/s4533diAGJ/mVCfs05fzdieEVpg76avENYJe1uVH4QSIKwRFqUHH3ZzgI3y93gC+VtfJWyc3fuw6hL2k4T1KJG8GiFQuJMKYZ2wZ9YknNYAlYZEmW+zKrF22RsuQFgQBmODOyPYOYgdOAdwwughcgsja1w56WocwcFy8QNLhQ4WD10sHLQxnxOYy75gNvM8PAFhhbBO2Nu1PlF0vrB/3cWO+Y70hYuZ7dZ4K9BZpbOROHWxWeogdf6G1eM2ptONcDdgbI2xRfzoFfG8wFSqHv6IjK3QWSfsTSZr0VsgrE6sV43/qzHK/AJ0lPqXO1KzBQAAAABJRU5ErkJggg=="
"data:image/png;base64,iVBORw0KGgoAAAANSUhEUgAAABAAAAAQCAYAAAAf8/9hAAAABGdBTUEAAK/INwWK6QAAABl0RVh0U29mdHdhcmUAQWRvYmUgSW1hZ2VSZWFkeXHJZTwAAAKrSURBVDjLpdPbT9IBAMXx/qR6qNbWUy89WS5rmVtutbZalwcNgyRLLMyuoomaZpRQCt5yNRELL0TkBSXUTBT5hZSXQPwBAvor/fZGazlb6+G8nIfP0znbgG3/kz+Knsbb+xxNV63DLxVLHzqV0vCrfMluzFmw1OW8ePEwf8+WgM1UXDnapVgLePr5Nj9DJBJGFEN8+TzKqL2RzkenV4yl5ws2BXob1WVeZxXhoB+PP0xzt0Bly0fKTePozV5GphYQPA46as+gU5/K+w2w6Ev2Ol/KpNCigM01R2uPgDcQIRSJEYys4JmNoO/y0tbnY9JlxnA9M15bfHZHCnjzVN4x7TLz6fMSJqsPgLAoMvV1niSQBGIbUP3Ki93t57XhItVXjulTQHf9hfk5/xgGyzQTgQjx7xvE4nG0j3UsiiLR1VVaLN3YpkTuNLgZGzRSq8wQUoD16flkOPSF28/cLCYkwqvrrAGXC1UYWtuRX1PR5RhgTJTI1Q4wKwzwWHk4kQI6a04nQ99mUOlczMYkFhPrBMQoN+7eQ35Nhc01SvA7OEMSFzTv8c/0UXc54xfQcj/bNzNmRmNy0zctMpeEQFSio/cdvqUICz9AiEPb+DLK2gE+2MrR5qXPpoAn6mxdr1GBwz1FiclDcAPCEkTXIboByz8guA75eg8WxxDtFZloZIdNKaDu5rnt9UVHE5POep6Zh7llmsQlLBNLSMTiEm5hGXXDJ6qb3zJiLaIiJy1Zpjy587ch1ahOKJ6XHGGiv5KeQSfFun4ulb/josZOYY0di/0tw9YCquX7KZVnFW46Ze2V4wU1ivRYe1UWI1Y1vgkDvo9PGLIoabp7kIrctJXSS8eKtjyTtuDErrK8jIYHuQf8VbK0RJUsLfEg94BfIztkLMvP3v3XN/5rfgIYvAvmgKE6GAAAAABJRU5ErkJggg=="
"data:image/png;base64,iVBORw0KGgoAAAANSUhEUgAAABAAAAAQCAYAAAAf8/9hAAAABGdBTUEAAK/INwWK6QAAABl0RVh0U29mdHdhcmUAQWRvYmUgSW1hZ2VSZWFkeXHJZTwAAANsSURBVDjLdZNrTNNnGMWb+M3wRaObc/plSxYToiZzc94quCGCVRfMnwYtUiyuUhUQKqtcCmhatAgEaKlcBNFSBYQ5lSIgQ0GFttRCL0BBoAVUVFKo/UtLBXJsiZp5+3CS98N7fjnnyfNQAFDeK1uf6nVGm5CSquS28VqPzMY0RcweVjDawmqC+QevZi6IvfJk4f//e/ThkalL8RFqTg7dHqhFo6UJiuEGdLzU4oq2HISMJo0pH+VwLpqHIgoHfD4DZHQlB1V0l+GOpRFl/VdxXMsH91Eqavr+xd5LO62MkuIfI0vN1tLWcXAvD4IQ6YI+AESdyYtPq0+QzcPNEBklYKmjEa6KxvmeUkhbxNgh3cZhXxiSZteOQWEgUXDnBWhpHeR23sPF8wB3X4Gi/xaKTJfBVEchpI2NeE0aZFoZ/MU+naxC489h4r7Zmzo7shrGUaWy4fgFE6hRTYJ5QHxLZGe9uRFRmkTsc5vZyjjI+isQVREJavpvWw7kme5nK56hWmODpPIaTPIQPL4hRFeJP3T53mGUo/XhrhuWOsRokiDS56Gyrwbn6kXYJPi1hJHbS3f3dVQqJ1FcXYaxZh5s+lqAfIpJfTXaMwOeU8Kv023K52pc67sOyd08+GZtsm48/UtKfeypJbnx5cvcffU1dXKMG9PgGr2JsXvn4DD8g1nLAxgusp0Uunx3p/hujqfvS5+MDXGKWGLlNJOZ5AymW6doe1bzMnLMViMfc44HcAweg9U9p15ZBJTSgzPqvKCfKLuK/Lh+uVS2IZ71vYv9V9Z0aChJpiTjdcg+jGZ6cyYMCZhztmNqgAnnCAP2nkTo82kgGAnF80Oc+fvEojfHjha6WCzXa6EAkxUyWOVlGGRuwVgH7505DM7h/XhlTEK3JBB+BH/qO9+MpfOAN0c4S92RSXthPiaq5Hh2Kgn94mj0KuLcsVvhNEdgeuQAbO4kPZIA+IcWYNnWs8RHm+jYSxAki4WJVD406Wx01yVCdzsHT1TBmDIzYO06iUc5NKzfnTbyLTU94Iu3YN/su/3Vug1DVaI/ALsFpiICzYnL8bAgELX8za4/6dzz31CFXl89Jo8mVq3xEhzynnO1S+BS5UIl3IaqQyvIhoQ1az81fhHgUTB1kfMMc9XMf2cDZ5qyfm+5xVv9w9fMHr0Fh4yy26byoRwAAAAASUVORK5CYII="
"data:image/png;base64,iVBORw0KGgoAAAANSUhEUgAAABAAAAAQCAYAAAAf8/9hAAAABGdBTUEAAK/INwWK6QAAABl0RVh0U29mdHdhcmUAQWRvYmUgSW1hZ2VSZWFkeXHJZTwAAAHXSURBVBgZpcG/S1VxHMfh1/me41USwpa0XwTpUNToECTR4D/g0G1oiKChCAchChqiKYzCIbGWtlpuhBBBS7TY0FoUSZOVSIo/Crz3eu895/N511cQDWoQnyeRxE4kQyOVqwNn+u+u1NUpAe7IHXNDLlyOzHAJmWHu7C7ltenpuRuTY+WJrP9U/4O2js7Q3cF2dNbq9gCYyOq5Qn2lynat5Qr8kcnElfMpkCCJWqvK919feT3zinsnH/E/l0a/EQXJ+ZciL4juv7vD/M9V5pfqzC1WmZlfJTI3ooDEBiEgQYJWMyf6svCZ0bfXydoDpVLGrraMyAsjCuaG2CQ5RVFwsOMwF56fpau9CyRuvRymLU3JSoHIzYmCXCRsIbDCaDabDPSd5sjeXnoP9NGwOuXxQUppSuRuRJm7sUESLiEXa40GUx+n6NnTw+LKEqomvLj2BnfWuTtRKPKcrSTRauUsLC9wc/A27z99oLbc4PHlpyQhIaSsK/KCKMgcsUlyrDBmf8xybN9xjnaf4MlwBZKENATSJCGSO1Hm7kRCRHJRFAWNepNo/OJD/pKmRC4RJUMjlUr3of1lN8PNMTPcHctz3B2XkBsy4XLkjjvRs8mx8rlEEjsR2KHf89sagbhDhaEAAAAASUVORK5CYII="
"data:image/png;base64,iVBORw0KGgoAAAANSUhEUgAAABAAAAAQCAYAAAAf8/9hAAAABGdBTUEAAK/INwWK6QAAABl0RVh0U29mdHdhcmUAQWRvYmUgSW1hZ2VSZWFkeXHJZTwAAAKFSURBVDjLjZPPb4xhEMc/z/vublvt292m1TZoo4RI4yAhgvhx4OBHSFwkHCQuuEq4SBxcHPwD7EEcHCQSiQMJCbcmRCKkhBQtitKu3W139919fz0zDos2Iphk8iQzmU/mOzOPUVX+ZW/u5IZS6b6J0sTngfUna58W5hz+wzTRxx19hxCrL37Ppf5WOH4v24XlmNd/uCe3bAeLV77IPs23n27rMlfWHKqVAcyfJLy5nYuNo65xc6aj5yBe/zZcLRNHDuUPD/ALD7CNqvjTon+UUPqYnI3iLSY3eIbuoQO4zBKXRnC1SO/qvXQOHMWP1jrFWTlnxm5veNbaOTxszEKWUvn8uJRqGegb2nqKuHAXaUyBxjjd+3l1P09h4tmRPRfC6ymjzpqBrVfTxhjQZjHGkATf+sZubpfK5EOnvWsQt30Y67+lMvWc6peXo3suhNebQ0w0QKKW8OslbOSC04kxHq1LdrKoe7njpD0St5fy6/t0r9hMJvOOlHFXzW8hNo5KhI0yqCjSmKRReEfhyTWSqSLF8Ru/hE2NvQSgv2t12zzAaKskDfwvM4TT40hUx23JsmxfnpnnN8hkV5Jdug5+bMsvF5i+dXzBHcQOqbZeFm86CwioolIlnhvBy1VItYwSzzxCrY9KnY7B80wDd0846d15iVPEqmoDpD6K2jnUVpHgPajgpgVNfFRqqK2htg4qAOzOS9zsIERVEiQuoMlcEyIhaAIaolJHrY8kVdRWwZjfTjlSNVg0KaHJbNPt3DwsqaK28kNCgISTAMEvgEZSTurFRXEt4yGeo5oG8UB7UBsCEeo0X+NYbBCoRhLOA4Lw4sTlgxtRdmHw/v4tATMSIXrtZ+g7IylnbI9OutsAAAAASUVORK5CYII="
"data:image/png;base64,iVBORw0KGgoAAAANSUhEUgAAABAAAAAQCAYAAAAf8/9hAAAABGdBTUEAAK/INwWK6QAAABl0RVh0U29mdHdhcmUAQWRvYmUgSW1hZ2VSZWFkeXHJZTwAAANCSURBVBgZBcHbT1t1AMDx72lPKS29UCiz0BUMQxwwJptMSIAZzRgu6oOJ+jKjkQdjTAx/gI9mezAmJkb3ppKYqHsxe9oMOh0ZODd3xYVtFOLK1dG0pYWensvv4udjaK0BAACYmp8cAz4GjgEtgAmUgeta6XNfjn33CwAAgKG1BmBqftIEpoE3X8+cCCZCLVSsBiwXhLQRPOHy1iUhhfxVCPn2N6d+2gMwtNZMzU8GgD8Gk30jJzMvUbGDOLgsVwzqdJCCpdDCJYTFlnOVm5s3F4Qnjv/w1oWyDwCYPtrcPTLaNkhRung+AyF81EQdFnUUnSDbdoj1coD2yAsMpp497DrejwD+0vjqKPDZ6e7X/PdllS1q1JRgz45QdAJUbMhu7FKuVgkmChjxLMPJg1xevNH5/fXpe/6hySNfTLQNHTL8IbZ8AvQ+WmWEW0/81Gwfixt7qPoSwY5HOLEseVXCLEkONWd8tx4/bDKBY5lYmrvWJvl6H73+AygEuW0X264RT2kqTTMsqx1wNI0iSDbvcOLpo3iO6DeB5rDZQM7aZNuxiIY72XGjlEqKeIvNvoRFXg6QvnMOaVfJZw5S3AkTCUXxXNHo01obhgbXqaCtVkxPcukvD6M+xNayydpqjDYnhPA0+5M9BJfv4Nk10BohhGFKoYoVt5Ju9jcSrX+O9byJ7QVoVR8RD0ucDY/dnCDd1EVPaohdu8rC+u8UqxNIocqm8MTtx8XVdFc4w2//zdMY7qLOn0Eol/G+95BaIZVEodksr9G/f4Q9t8YnFz4Euh/4PFd89fPDWdERacG0NigX/iSRcLCFi9SKXCHLv4UlVvKL7NQK5IorDGTGeCb1PLuBe6O+b189P+M63sWZxVleTA8Q9zeQiChsYSOk4KlYO6lYB63xTgL+EC3RNLfX5rm2csOyXGImgOd471zJ3p1zau7hiSPHebRt8o9wmL72Oa5ysYXLgWQvw50n+Ts3x5WlWScs23uWz2ZrhtYagFe+fjkqPHFeeHL83ZH3TWQKrcMYPoNkvMKnF0/T1zrM1aW53Qbd3rtwZmkdwNBaAwAAMHJm6A0p5AdSqn4lVQIAKO/47yeFIlBTMrB9VgsAgP8BON24AjtZfcoAAAAASUVORK5CYII="
"data:image/png;base64,iVBORw0KGgoAAAANSUhEUgAAABAAAAAQCAYAAAAf8/9hAAAABGdBTUEAAK/INwWK6QAAABl0RVh0U29mdHdhcmUAQWRvYmUgSW1hZ2VSZWFkeXHJZTwAAAIBSURBVDjLpZPdS9NRGMe98zLw/H47QxDCLoqgC/+E/oJpL1qtNxMlRkhIYO7CoJuwQLqILoPwpWnkluKknNWVXVTWXnzZ3Ku65ftsm7/z+w3p23NGQbFZji4enodz+DzP9/twTgWAiv+JkofinblS5t235vbdN2a17AYEQebcFEfWw+/I+tskxz8bEOj5DQwI/0UQOL7zmu+lX/FNebc1YTq66TbVlGyQneLfMx6OzCQP5VOPIEMPd0JP3AOBLgKxMW5CkQKaxgm8JWuahvzXxwR2QczboC/cgBGxQ4t0Y23MhH0tSJBkIue1wojfhZhthQg0Q/gvU1yCEbVj52MjUi4VSaeK5RG1ssgCyUwXZNNUEbhaADXfeWjes6TmGnLBDgIVZ5EC8uaW3jIzF5BP9kLMtUEuUPOdI/gMtC8WUmQlG7ex8d6C+HMFsWGlqkjB6qj6MOu/Dj3YTqCETxdgzVtPe7iJ9WkLokNKS8TB2sIOdviPBqmXqjVJ/rY/NMFYfkBNbKSiCcJ3CvqiDVufriDuqkX4GUPJJa6MqE9kXnqh3E+6jyPtJRvRLhgxO7Y/tyDmrMXiIKsODbC+4AB7uu9LJG9S5pHE6DGQzMTadANCg6yHQAT7meOvL5HAE+TvkKxpWkEqTdMX+lm3rOf7qoYP9Bd+gr+gOoqTZX2mcuIHSo3eNm+GAIoAAAAASUVORK5CYII="
"data:image/png;base64,iVBORw0KGgoAAAANSUhEUgAAABAAAAAQCAQAAAC1+jfqAAAABGdBTUEAAK/INwWK6QAAABl0RVh0U29mdHdhcmUAQWRvYmUgSW1hZ2VSZWFkeXHJZTwAAADCSURBVCjPvdCxCcMwEAXQAxcuIoIFAUMgqtypcyXSqBIYNy4M0gSZQBNoAm2QCW6DTOBFbg1HTo6QyqW5QsU9vj4HK+wPHAJ88uhxDiuMwaFFk/qksUOF7cAJnmb8+rKmFXiN8sxgpomBwb6A7qUe7e2vw0Tj4qKNJvaLLkDRhRoS+QdGcpxQwml7pRaxpiowcGQZdHilVssoyu9VhsjAkmGgsCEZT1Rv/RHuH2BTqYa6xKlQmqPIda6ekGA47tT78wZ72Oy4vOPLEgAAAABJRU5ErkJggg=="
"data:image/png;base64,iVBORw0KGgoAAAANSUhEUgAAABAAAAAQCAYAAAAf8/9hAAAABGdBTUEAAK/INwWK6QAAABl0RVh0U29mdHdhcmUAQWRvYmUgSW1hZ2VSZWFkeXHJZTwAAAJ2SURBVBgZjcHNb1RlFMDh33u5c52BTmtTipkSS8JXFF2YRumYsGxYKcF/wUV3EBJ2LJpAoomsuiG1bibR6JbEuHNFw8JqTYosCK3Ur9IWRuidzte977znHEsyxq6kz+PMjP2o1Wofm9mnqjqsqvPT09OX2RWxD7Va7aiq3piamnptcnIyEZEKfTH7ICLvj42NHS0UCiwsLKSqGs/Ozn6jqk9j9kFEnIiQpikiUheR8xMTEwcXFxc15iXm5uYiVb1SqVQIIVCtVk+VSiVarRYhhLp7+N27y8XBM2eci/iPkTcf/fV9b/521xcvHYk3k4nTw2xsbFCv1/Hes76+/lhVZ2Jn0Ruvn6sVnHNg7DJwjh8fPDneuJ9ffXP8EEsrsLP8G69mP0hlOEs3t7e+FBn/bGZm5olbuf1eevLDhSG/NYf4AxAN8vPmae6sjfHOiUEKBag3AneW/+aLSxVcNOBXvz23euri4tvsium5yNQjPsHU+OmPMvd+7/JB9AmHlu7xwnFgMoFf53khAd6iL8ZZUUOX9uZT2mtLHGgd5sLANkMXvsbU0ex4SgmMDsaAESVDrN46y79iehFx6Qij1WuMVpWRrjKQtFh5dJdnaYtjw1sMFevkO21MOxTHr7NXTM/MJEM7v2DSQNJVfCGj1y0zUsoYKTWwkGLSwqQDpuwVk2OmAe3VsdCg9IrDQs7JkTZYDhZh0kZDE5MmOMdeMd7MIVh4joUUCykmDSw0MGlgoYnJDiZtTDM0/5NdGX2xed0OnWcHe62kjJYjswJoGewwJjngsSgHPC4SJMvMvOb0xZblN9c+/+gsxhSOMv/HAHfXo/YVff8AB5pkhgXUuFcAAAAASUVORK5CYII="
"data:image/png;base64,iVBORw0KGgoAAAANSUhEUgAAABAAAAAQCAYAAAAf8/9hAAAABGdBTUEAAK/INwWK6QAAABl0RVh0U29mdHdhcmUAQWRvYmUgSW1hZ2VSZWFkeXHJZTwAAAHMSURBVDjL3VK9S0JxFBWChvoHinap4UG6RIsihYMfiTboUFGhPVIbxAJFG5TEKM1U1CWENjEUigiyHBRnicrCwaIlXPqggldRnd6VkNqMti4cfvede875Xd57AgCCv0DwjwIkEkmn2Wxe8Pl8t8lkEm63+8pqtQ7w6OL7GnE0Iw1pfwSIxeJ2lUq1Eg6HUa/XUavVUCgU4PF4LlwuV7FarT4TVyqVQBrSkqcZIBKJRux2+32lUrk1GAx7SqXyzWQyIRKJwOl0gnriaJZKpa5IS57vG6x4vV4uGo2yGo2mQyqVPubzeZTLZRSLRWQyGRBHM9KQljzNAIZhZlmWvYvH4/M6nW5fJpO9yuVyaLXaBqgnjmakIS15mgF9fKnV6vNgMHiXTqdvstksEokEbDYbHA5How9t+mCLjX3MrGlg8Mreh+eYcDNAKBS28Sv2KxSKS6PR+GSxWDgeL3q9foLH0OzixItnawq7pzEcXecQOjBDH2IwYOkOtPStx/3D3PbJOrbPIqAKHJoQOmQpgGspQOUSYe90A99r5zhGAa39bYPWHm41Nw1/brJh9u9P/m4DXrg0GuhFMGds3EwnPbf8Dr5Clnk80Npf5zLxn1E7ljyteCJyAAAAAElFTkSuQmCC"
"data:image/png;base64,iVBORw0KGgoAAAANSUhEUgAAABAAAAAQCAYAAAAf8/9hAAAABGdBTUEAAK/INwWK6QAAABl0RVh0U29mdHdhcmUAQWRvYmUgSW1hZ2VSZWFkeXHJZTwAAAKtSURBVDjLlZJvaNV1FMY/vz/3zrt77xjs7s7mVZNS3HAuFIWwXpRWexEYDANFKQpfyagE8Q8iUfinKHwTFL0wzBcWMWjpCxWJJQ6hHGOSNtzcTYmma7ipu97tfs85X1+s1DcmHnjgcB54zsNzTnDkzPge79ms3gpmhhqIGaqGmkfUHoKi4lGz3/ZuXLgSIDbvO9pXZnM8QX34/dDS//pYzXIAXcOHERNEBWeCU4czoTFTIFedpy6V48TVn9jSsgvntOohAQ/AhuZ3H7v5+JVOvuz7BCdreSCgBsDRs6P3hw21SZLZv+gdP0Hx1gAiijhlTrpASe5wu/pb4DMAQvlXAGD9C3miwDN/3ii/jneRiVKsbmxjzdw2Xl3QxuJcE00Nzcyum2btV68NAcRODfOeOILOc6NEUcjp4R6qqaa+Kk//jT6Gx67gKo5CzVxEhMGi0tVx8lmAUNXwQBwFtD+fJw7h77uX6L/Rx7HLP1KZCjn0xnccebOTcmkaK0ckJzfx8oFVqfsOvEEcwvHef4giePvpj8jMiggCuHmnwtDIXUSNFDk+eGUnW4b6+HlHTxkgdGJ470lE8PryembFAQvyKeprkuSySeqySX648DmLCxn2t39MGISkq+IHVxCbCTEKA073jwEwOFIim4JEmGDfqe1MTE5weaQEwKddHfx+/Tyt74sXJ1dDEZnJIIQ1rTniCBY+lWZ2bZqD3buZsttECeWdr19i0xcvUmKCDe3rWLFsGa4iJ2cy8J4l8zKM3CzzTEOK4vVJdh17i9psDa2LWlBTlixqRr1iXhksDvPLmZ5eFT0abD106aw4fa6ilnaiOFFUDKdGIvsNUWoCEeXiwB9IRRCnhDSOlaf+XFc8fK0b7/3/Yvm2lu6l7zVdeBQfPu7/K9NutavIwKP4e594fYOHzxflAAAAAElFTkSuQmCC"
"data:image/png;base64,iVBORw0KGgoAAAANSUhEUgAAABAAAAAQCAYAAAAf8/9hAAAABGdBTUEAAK/INwWK6QAAABl0RVh0U29mdHdhcmUAQWRvYmUgSW1hZ2VSZWFkeXHJZTwAAADzSURBVDjLxZMxTsRAEATL6EROSsDD+A4xv+EzJCQEiA9ccjtdBF7ba9nZBWw00k63qmd2J5V7zgN3nstSvH/8rChRBKoAwYQIlbmuwNvry7QzAHh+ekTEgICRCA4mCXz9Xo8EpWgXBFS003SjRBKp20mEqhkRJenCpc7e5FY5GliZG4UkGLogq3AxbO3EoAVSkt40Ny91NhIhzaNBWqi45nTIbI+0kLQzg9agKmv+vclGpNByFqGKqkufehfaVzkMUKXqlGC+WHED6dnHddpndUJgn8F+4iP68k4G/UgQPr+va+YkWBIgtT1vE8bvN/37b/wDV/Vlq22fLE8AAAAASUVORK5CYII="
"data:image/png;base64,iVBORw0KGgoAAAANSUhEUgAAABAAAAAQCAYAAAAf8/9hAAAABGdBTUEAAK/INwWK6QAAABl0RVh0U29mdHdhcmUAQWRvYmUgSW1hZ2VSZWFkeXHJZTwAAAGqSURBVDjLlZM7S0JhGMfVox+gqYZuQkMETYZNQmi2+QGKligiCBoalFragoqGzDM41NRQQy4VKDhUSyC0NLR1EeKIt7wePV7/vc/BI97NF36cA+f9/97neQ6vCoCKrVGGgWHswyRDQxkFVU1gkCQpWSqVKuVyGZ1g3+Fyuc5aJYrASOFsNgtRFOukUikkEgmEw2FZEgqFwPN8k4SWmgS0IZ/Po1AoyE8ik8kgmUwiEonIglwuBzrE7XbLkjYBhRVIQIF0Oo1oNNrWUm0m6iYBa6O+gd6pb6WVWCwmVyIIQndBK40SqoTmEY/H/y9olFA7NBMSDSQgisWiPBeSEAMLqIrvWyde1mbgt+jwtDIBfl7D9xRQSCHoOceb3YT8wymq716I17sIbM9WfGbtTl8Blf+8OoUcC8NpAxxDwKEe0eMF+Ba5z75/gaCyq68eNK7EwQj8Zm21UVDtNoPH5XFkL9YBFpLsKvwyglscfFbuR7kLc2zKItvc8TJ93ZwgsDkNwaFHZE+Hjw01/DZtxWvl9hXBGEl6XeXLpWH+zsIJVPa9hQtfmbgjyv4BPlWugike25IAAAAASUVORK5CYII="
"data:image/png;base64,iVBORw0KGgoAAAANSUhEUgAAABAAAAAQCAYAAAAf8/9hAAAABGdBTUEAAK/INwWK6QAAABl0RVh0U29mdHdhcmUAQWRvYmUgSW1hZ2VSZWFkeXHJZTwAAAHMSURBVDjLxVNNSxtRFD0jEYqgBCMU00bEWFsqSNoi1EU2WiiluHEluuumfyH0B3RbuvQHCIpbaaFSxZULQYMUAklJCQZDjUTyMfl48z5675t0AgqCuPDC5dw3M+/c8+6Z5xhjcJfowx0j9L/IZrMfPc/7QtmhaLbb7Xqr1SpTppvN5jlhlTBHuZNKpeQ1AvrgK20EZSqZTK7dWkGj0einrt+JaPM2R3D28/KU8LGb2wMRIPz8LZTSkDYVPKkgPQVB6Hm8lhaFXxeZwDwM1QNGdoWN0Zza2LUi5JqfKa1tTfzYz1R6LkxGB1E8d/Hk0RAKf+t4FhtC/qyG6fEwcsUqEpPDyBQuMft0xD5jhUJIOHu/BSlooFh2LTO/4I6SuwRHMQEm4hG8nIpg97iEnydl9EnpS5p/MYo3r6J0Vo33r2PoCIWl5DjaQmNlIU5rjQ/vpuxmDibkeTjffrkm+qCFP6UapOTOva6swAuQlKmespmJCHbSJYTslKnr4twYNnbzWJ6fuNG2z+tpfFpNYPvg1DZytg4rJjYgoLpT11rbCQdoug5YF8gVdkr7+OPoDKGOkBcZ14xc8devu/+AVamUP2BKTdm9ghfOvd/Gf3hhfpp0UP3EAAAAAElFTkSuQmCC"
"data:image/png;base64,iVBORw0KGgoAAAANSUhEUgAAABAAAAAQCAYAAAAf8/9hAAAABGdBTUEAAK/INwWK6QAAABl0RVh0U29mdHdhcmUAQWRvYmUgSW1hZ2VSZWFkeXHJZTwAAAHxSURBVDjLpZPLa1NREIe/PKhSNK2g9UEIKqEFRSgooi4sCJqCuHEpduEDwZU7/wGhu27cdKWoG7WQrsSgKAV3SnFTAqZCW22xlAbTpL0xyb0z4+Ke5mHrqgMHfouZ3/lm5pyImbGTiLLDiG+KsTfLTRQ1wwARwMBUUQPRUIvCoxupSIcBwJF9XRiGKRhgaqiBtZmowtxKdSuBmGHmChTMDDNH44xUDVVD/G1aEAkRMUPVFW5q7TTxRbcamGiYaKCqmOIK1FEp6fIzDu36SSwYBO53biFQUDFE1NG0tIqSLE1yOr3KicwdMse+8HW0f7iDQANFXI8tklAnN3KcS03TM3AZ70eORG8KS61lcw+O320aBAGIaLP/dpM+8vSeuopU8+zen6QmSxweGuwOvNJ4y0AEkbiburvdwlWWgz780gLRWJFI1KMrUYRalY3leqyNwBBxxW76Cb/AmdgE3QcEDXyiugbRvZjf4NurQi1fqNxrIzA3g/D2ZH2K/uAdA5eGsMZ7IrLOzNsa5lUxhYW5ys2Rl/PZNgKlsFh1g4OLBz9x8kqGRnGceLyHmY8+r5euU9xzHgNePD+bDffvHsy/Z3Fy+HN9ZdS8wjWbfnxh/cmt9Mh2efH//bJf88UPlfLU0epv78/s7OrD20+/T2yX9xfxXpKxy4ipWwAAAABJRU5ErkJggg=="
"data:image/png;base64,iVBORw0KGgoAAAANSUhEUgAAABAAAAAQCAYAAAAf8/9hAAAABGdBTUEAAK/INwWK6QAAABl0RVh0U29mdHdhcmUAQWRvYmUgSW1hZ2VSZWFkeXHJZTwAAAMxSURBVBgZdcFraFtlAAbg9zvnO5fcTk7Smda2SRvbLbau69aSUXWdE4rTuTlBnUxkYzgUFX9VLKJ4mQoyEMShwqygqKWKjKEDYSiuk152payKTdvFZZCmSdauTXNyTs4ln/vhjxLc85D1n82BASAMcqcqfPDgeu+BWpmXzl3XUqNThWPJtHbc55MRUCSUNQeT78WwFnWKNsAAw6oYaUryFUrErOEYl+a0C8mU/o2iyvD6ZNwOdW6aYAIPn8z1PBBx7x88OX8k0iBvpgyCKIv3KiH3DoFBqlgMt9gA3sAaHCs5KK9anr425UhzUKrnjUqqK+SK1MhcoKxZNTLPHdwYdb1W76cvLGZMEVU43aigRRUON/po15Wp5cvtdeKzDQp/j+RUmAeVWp9I1NlZbaxYsPP6sjWEKtTv4h55KB58e/z84vDpM9m3WMmULNP5VA25tzTdrXYspPSvbiwYo7FWz8dHdxzfkxhaucx7O6DdGAEx0gfpgb7QywEvnwsoVPPAXlIa3H13BD0BItKwV7AKJcLO3hkSor01vwZ3xdR3Xev2wB/dguV/Ypg+PXiU+j10Lw84AVUgstfFVsr0t1MXV8ObN/l6rKKd4xkb2Bkd3fDitqzkV+/H0tW/IRITPqUO3pqIn/I8caaTJfx+ocBMwQXKkbbWJvn1ZKLwcypZeuf7p97cFO/u+VZteRjlzDBEN0FqchqWYS4aevE+bva6gZ/OLCOTtznKk8fr1gmfuCWuZTFbHrt0eH94a3f8O7X1UWLMfwEi3ITg9UEuXc1ahUxf/JUTM3Rm3kJ92AVR4CjAnnbLXC1z2OyTjT/0ehr3feRvfQxG+nNwgg2zEEV+ZHzV0Uu7u/rPTeIWwhhDtV/er3+iOf7MUGz7XtHMfg3CmzBWGpE/e153dK091j9+Df/hUOXLlyLPNXUf+tFiYTEzdQwVGNCWGpAbmcg5hrYx1j9+DWtQVFGaNwy2b3seieFXMfPHGKRIJ+xcYj4g8js7BiaSqMKhSmJuwTb/OoVoZy88nhjSF6eKhm7u6hiY+BP/gzDGsNa+7UG9665aurUtCiaUx/Rc/tDuD68kcRv/AvFKVJouQOXGAAAAAElFTkSuQmCC"
"data:image/png;base64,iVBORw0KGgoAAAANSUhEUgAAABAAAAAQCAYAAAAf8/9hAAAABGdBTUEAAK/INwWK6QAAABl0RVh0U29mdHdhcmUAQWRvYmUgSW1hZ2VSZWFkeXHJZTwAAAJVSURBVDjLlZPbS5NhHMd3tbvyov6HIJRuhKAFgRci5GXYVQkG0c6HJGvD1FVMjdxC22wlQ9iG7uBh0rtDmxtb77vFoh2c7KgMtiGbU9xdgezb3hf0Ii3cxZfngef5fn6H5/ewALD+Vv8Upeh7HfzdM+pb4QwT7PPunOg8M7tlPh63JtE/4UM3f7WnLUDL3NE7vgmFKYbeF050Di3dbQvQSrvjzogTIm0Yt0WrePp25VNbAHcgrLopXMOgyo/uR8v4bAnAbrdLLwSIRCLK1HYaHKEdnQ9MuHZ/Edv5MpYcHljc1K9Fgvo+uxqanLYEr5wBhMNhZTqdRr1ex6jOBz8VxzONC+VyGQcHB5g3rcFGZWH+lscrc9ArWdjseqzzXWLMFEWdmnO5HEwbEYzpvmKZ+IFKpYJSqQS/3w/l+4XmlCXYnHGmMfTBOzyg9lxmkSQ5RpsbjQYKhQKy2Syz7u/vM0Z6T5+73W44nU7IlOrmS9tPPJn3VfsmXVdZLfKbra0tVKtV7O7uYmdnh8mEBtCwVCqFRCIBgiCg0Wggk8ko7sdNCMwJ3JogRpgSHA6HOhqN4ujoCIeHh6jVashkMkgmk4jH4wgEApibm4NUKqVEIhH74awXrfSPbyi+dJ020Wg0vguFQtjb20M+n2eixmIxBqDX6+nIpFAoZMb63owHHCXhOvOMWq1W7fF4UCwWQZdFN9RqtdKRSYFAcPonrj/fGPznIKlUKvX6+jrTfZvNBolEQvL5fPaFJ5GWXC5XGwwGiMViksfjtfcbT9Rq1gCXy/2vmdYfaGviUGKvapgAAAAASUVORK5CYII="
"data:image/png;base64,iVBORw0KGgoAAAANSUhEUgAAABAAAAAQCAYAAAAf8/9hAAAABGdBTUEAAK/INwWK6QAAABl0RVh0U29mdHdhcmUAQWRvYmUgSW1hZ2VSZWFkeXHJZTwAAAKNSURBVDjLpZLLa1NBFMa/m/uITfpIKzFJYxGaxkQDFnFRsrLgxm5i3dWl+Ae46Kr+DWbZTcBNhboQ1KW1uYhQhVKECFE0SEvSBrXR2Nyb+37EmYHG0hZceOEww5n5fvOdcw/X6/XwP59wWlKW5SABF0jc8X0/S9Y0CbL1q2T9StZHJOT5+XmPO+6AiC+T3JNoNHolHo8jHA4jFAqB3ut0OlBVFY1GA61Wa4PkFk4A1tfXX2cymdmJiQlwHHeqbdd1Ua1WUavVVgLHDwkwF4vF/ll7MpkEKWPuRA+cnhjY3NyEpmnI5/MIBoMQRZGVoOs62u02ms0mUqkUBfxt4upGe8B2vFXXGBnje/uQJAnlchm5XI6JqW1FUWBZFgRBYLk+YOXNL8FxnA9BkUsLkTg+7vzAZESB53msiVRAATQOe0bF9Jz1wDDtccNy0yEJ4Dkf/Fga7+pBJFJXsba2huXlZZAHGICuVHjogAG6up20bJuCsNvSIPI+pMg4Ss+3mOXp6WkUi0XY5M4hiAL6DlTDiOpErJHo6iZ2vik4IwKJCym8/aJje3sbiUSCCY4C6J4BOqpx0XYs6KYDRbegaiZqe20cqBYGzl/Dy/c+Crdu91+lAGqfOuJb5wqSqltyNCLxChFKPAeBJzMe4OD5Hho7Lczlp3BpMsJ+4+joKLLZLJvGer2uCweq0R0OBUSPUDXDwm6TjOtvDUbXhNm1MJUI497CDCSRZ2XQUaZTWKlUvhMnBeGgq8uBnnjz008Ve3ttx9HMB7EhvzOTQeHsMHd9ZNAeksuvmG06RKZpUuFjUsrDpaWlfW72/osB13CeuYZ1wzXswa2nd+2jk1kqlYaIYIqET5r2eXFx0Tp6/ge8rrdXLiWBdQAAAABJRU5ErkJggg=="
"data:image/png;base64,iVBORw0KGgoAAAANSUhEUgAAABAAAAAQCAYAAAAf8/9hAAAABGdBTUEAAK/INwWK6QAAABl0RVh0U29mdHdhcmUAQWRvYmUgSW1hZ2VSZWFkeXHJZTwAAAJBSURBVDjLhdKxa5NBGMfx713yvkmbJnaoFiSF4mJTh06Kg4OgiyCCRXCof4YIdXdxFhQVHPo3OFSoUx0FySQttaVKYq2NbdO8ed/L3fM4JG3tYPvAcfBw9+HHPWdUlf/V0tLSqKo+EpEHInJFRIohhDUR+RBCeDM7O7ua55QSkRfVanVufHyckZERrLV0Op2Zra2tmXq9fg+YsmcAdyYnJykUCke9OI6ZmJgghHAZ4KwE3ntPs9mkVCohIjQaDWq1GiEEAM5KoHEcY62lVCrRarUoFotUKpUjIL/y/uqXYmV62ph/LSVrr30P4bEFcM4B0Ov1jk547/uAUTs1ceNdZIwB7V/GGHz6+9LXxY96eDiEgHMOY8xJAK8p4grZz5cElwNbwZgyxYu3EFM01lriOCZJEqIoIooiALIsGwA9Y1UcwcWoKNLdpLu9zvbnBWqNBhuvn5EDUmB0EH/1E2TZw5U+YLQovkun+Ytsaw1xCbnCOap334LC7s4Oe/ttvA+ICLmhMXRxDufczUECS37oAuevPwUEVFFp4/eXkXSdYc2IopSepnjtUh5/wg9gfn6+OQBUNaRIUkfDHhraSLoBKqikIF3yHJDLHaAkFOLciVHnyVAVj/S2Ub/XRyQD9aAZKgkaOohvo6ENgykcA07VEFDfQv1uf4W9Y8y30bCPhg4qKZJtMnjTPqBO/vhkZ7h3EJeRslWNQMqgY2jIAIfa/m5sIKSpqpPsGEiz599e3b+GchtD+bSvjQJm2SG6cNj6C+QmaxAek5tyAAAAAElFTkSuQmCC"
"data:image/png;base64,iVBORw0KGgoAAAANSUhEUgAAABAAAAAQCAYAAAAf8/9hAAAABGdBTUEAAK/INwWK6QAAABl0RVh0U29mdHdhcmUAQWRvYmUgSW1hZ2VSZWFkeXHJZTwAAAF2SURBVDjLlZLNK4RhFMXPaMzU+EhJLyUKjYUSykeRsRCWUnbKzpTd8AfYWGPNRtnJQorNbMdsJ8xiForYSFNKM2Pe9zn3PhYoTfN56m5uPef+7n2Oz1qLctq5jSZUtPlo/mQaVdRUrhlLbKWcgDPrBJ2p7fjmXTUD33+C3dtoQFUfnGB3eKB9CGoVmWwGrx8vj0IZOV0796oSCOWKlD4RgehvkaDHXuPxuibBn6I3G3auPwKringmjrP1C1+lFfzlmjQ/01UF9IiGj2g8QkRASzhtDlaPV2INGhjQEjk3h872LhjXrC0fLsQaIqAQ2UIWbaFWjA9PzPV09hxE9mfs7N6krZsg/5XH88cT/EE/woNhLEaWYEpuUt7AJYwIMulHfL7lUSy4MDQQS9Cw9i8Yz0BUMDE6hkQyifv0/Tt86CAlINT6DKhEqCUE1ytCRPtTB+li3TkwLkFLqCqMISo9rkLwkwOxWjNIFZJIXF5eQSjQkp1L9Q34mO6FTUohDAAAAABJRU5ErkJggg=="
"data:image/png;base64,iVBORw0KGgoAAAANSUhEUgAAABAAAAAQCAYAAAAf8/9hAAAABGdBTUEAAK/INwWK6QAAABl0RVh0U29mdHdhcmUAQWRvYmUgSW1hZ2VSZWFkeXHJZTwAAAJGSURBVDjLpZNLTxpRFMdd+EX8BixZ6VfxQ9imq3YzSdNVE2MNyEMYAeUNofIKEBjA8CoiM4BCgiQgaJqWtjySAc2/585iogG76eI/czN3/r9z7jnnbgDY+B8pj3w+v5nNZncEQdhLp9N8KpUqJhKJYTwel2OxmByJRIbn5+fFUCjEB4PBPZ/Pt+PxeDZVAJm5SqUCURTRarVUNZtNdd1oNFCtVkHBEA6H4XK5OBWQyWQwnU4xHA7RbrdRr9eVn8vlsiK2ZnC2NxqNMB6PcXZ2BhVAacu3t7eYTCYQbr4jIP2ErzWHt/0I780jnOIUjsoDYlcDjH//UYAOh0NWAXTmbTrzUmpew3bRA196gONqAndrARfJevkLXzJ9fI5dwxkvwG63L09OTrZVABMVTBuNRpfVegPWlIRPvhI+nF7gHZ/FG4sAzl2AP1V8YX4BYKJKa6nSy8srEZakiPeneby1CvjoKeJrurRiXgEwUZu0fr9/+a16iVStC9/FNSLCevNaAJPX69W63e6nxWKhdIfMT+vMrwKYnE6nl7WtVCqB53nbPyfxuSjyFvV4l9pU6Xa7yOVysFgsebPZvGs0GrdeBdBoami6ioFAADQXoPHFYDBQ3lQXUHFxfHwMnU5XPDw81KwAyPxDkiTIsozZbIa7uztFDHJ/f698Y3vJZBIHBwejFQClzbFIhUIBnU4H/X4f8/lcUa/XQ61WU+7A0dER9vf3ubU1sNlsGqvVylGqWZPJ1DEYDNDr9SztLqWdpcgcmTXPPX8BpLUNr3FYePgAAAAASUVORK5CYII="
"data:image/png;base64,iVBORw0KGgoAAAANSUhEUgAAABAAAAAQCAYAAAAf8/9hAAAABGdBTUEAAK/INwWK6QAAABl0RVh0U29mdHdhcmUAQWRvYmUgSW1hZ2VSZWFkeXHJZTwAAAKBSURBVDjLhZJdSFNhHMZfkQLxIhKKJPWum6KkpIxAh9KQIWTrZhfe2EWIxK5CIgJBTEphhJBkCYGI9EFLZFAtlTnnNudm80yP82xO3RzqcZp5ds7OhuTTeyYsMmkvPHfv83v+XwQAOazaNqahuS9sMwzFhKdGXqg3MLZCnbHhqL9Hmg2m2IYnlMB8JIXZcBLj8yIau4MbuaqXDVkBD2iyYg6upzAdkuEKJjCzIsM8E0dZk9mWFdAxyAtzkQPzZEDGhF+CZU6EfUGEtoMVsgJa3/MCs5zEJJeALW2WMMyIsNI2NK1MdoC2zWuzsHF4l2WM+ER88SrpEj44fyKvZiB7Cydq37bUG1jZOi/B5BHwybULM0P711v3yEl9138Bl/VOnb435O//uoS+byt49jGKJ+8ieDG4gB6jD6pm2zYpbG85EnChcbT0/qsgO0GH5Y8m4VmS4V5MwEHLd7a/xuKx4wjS74oWSI7MEaL5C1DR7Oz9/H0XbESme5fgCSkAGdOdb7BafAZ81TVs31FjW3sTa9dLsXSqAH5C1BnA3edcwM7FYfEJGGdFTNF0VyCRTuZVV7GlqcR6SQnWiouxRSHR8otgCdnJAPS9YdkdkNA/zGOM7t1J16hMXylZST78NuuqMEvIfgbQ2B1KOjgJA6ObGPXFD25gVjwA0MSU243U1FRG/K1DAPUjb6jfEsOQI5YGjNFbMM8I4PLysVZ+CbHb1YgWFaXF11UjXHZeAfz4s45ykyZf5+pp6uIwQo12v0iHKcDabcTi6QKs0p6VspXk8JW0eZ8hpPKfQzqrG94o07ujNY+ZHdVDZu/cPeee+kZnfDI3/5eP5KSNVFvUXKH8/w2+ut3dWHFeZAAAAABJRU5ErkJggg=="
"data:image/png;base64,iVBORw0KGgoAAAANSUhEUgAAABAAAAAQCAYAAAAf8/9hAAAABGdBTUEAAK/INwWK6QAAABl0RVh0U29mdHdhcmUAQWRvYmUgSW1hZ2VSZWFkeXHJZTwAAAH2SURBVDjLldPLSxtRFAbwm7ooUheuSn2iQqHtLkZTFGsXShA3LYUi2FJR8VWhuhC6iFAfiEZRE0jUUNDGNKVVxIJUSnGj4APFQhf9D0pCXs1z8tav9wyJjI9ovfAxA3PPb+4Z5jAAjK98HgWP8ooU8dygmlRYElBEIhFvPB4/SiQSuCj8OfR6ve4skgKUVBwMBiEIwkl8Ph88Hg/sdruI2Gw2GAyGUwgtGQG0IRwOIxqNildKIBCA1+uFw+EQgVAoBHqJ0WgUkXMAFadCABX4/X44nc5zLSW/iewUwNs42UD31HeqFZfLJZ7EarWmB85GitBJ6Hu43e7/B6RI76dqtC3I4fY4rwdQYrEYuswVGFxrRMPcPYQiwauBHssjvPlYgc7FcrTMy9G/+hxLBzr0LT+BSpuDrLyMx5cC3eaH+PpzBiuHerHw84EW2o0+mHbH0WlRoXz05tEDtSw7LdDK+6XiqR890Hzvxsh6OwbWmjH0rQNzW8N4+aEKd9+xRFrgxfv7+LKvhWVvEqadccxvj3HkNWa3htBuqUORmv3NfcvkUuBYCjybLUG9Lh+107dRNZGNVwuVmNkcQItZhTLNHWRVsgbpLJTxv0/ghWmHSTF2C02mGig1efj955dAAygFCgi5bJSL+1m4UJ2BzFL2NDn6BVT7D+X3feV2c5mYAAAAAElFTkSuQmCC"
"data:image/png;base64,iVBORw0KGgoAAAANSUhEUgAAABAAAAAQCAYAAAAf8/9hAAAABGdBTUEAAK/INwWK6QAAABl0RVh0U29mdHdhcmUAQWRvYmUgSW1hZ2VSZWFkeXHJZTwAAAHvSURBVBgZpcG/S9RxHMfx5+fuq10d/SJKQ+rUaLoWw60bIoIgaKhBpDksDBFbCooQiqAlURCp/gIjHIQWa4h+QDRYtFhDqOEdSqCSelbfe79f+UUEg35Jj0eQxP8Ip7sGLxaONt+eLSsrAe7IHXNDLlyOzHAJmWHubKuOl8bGipeH7rT0R81HmvuqMtlUTYaNyC6VrQ/oj8qxUuXZRTZqOVaKFZFMXDtTx0Z19E6SiCRHEiIhEBACb0ZH+Z3DTU2YG4kICTOjrXeCNfc760kUCgV+ZXFxEa8YicjccIm7HTkIAgVc4k/cHTcnEcmFmxMCyFkhCCKfzzM/P4fEOgEQAXA3EpG74W6IVYEVgrH3Y/xkdBh7PURl+hPp3bUc2nwMOEVUiWPMjM57M6zpbashUSgUSEwNDzBXfMXBs+1sasiz/G6E7PMnPD5e1RHJHHen59weQCTcnfXGH/bQ3HqBzMen8OwmW7bvoCGXY/SDuiJ3x12AEwCxqrHxAKVSCQh8L02QqW2Ak5dYE3XvJe2hPiqOTz64MRi3uBlujpnh7lgc4+64REtmJ+W3j8gOt/NteZoysPAljaUpBUn8zYvWuu7qrdmr+3ZVoig1xcLnChMzaYu/6nqQxL942br/ytJs6XzaQs7SKgoGToxUbv0ALswWDRrf9Y0AAAAASUVORK5CYII="
"data:image/png;base64,iVBORw0KGgoAAAANSUhEUgAAABAAAAAQCAYAAAAf8/9hAAAABGdBTUEAAK/INwWK6QAAABl0RVh0U29mdHdhcmUAQWRvYmUgSW1hZ2VSZWFkeXHJZTwAAALNSURBVDjLjZBbSNNRHMdn0x7qQXwoyoqYS3tIJUsR8UHnFEKayXCO8Dp0mje8zLVm3vJSGpk6539azQteZt6aYmuKoQ8q3uY9LSJHqFsUJGpqpNu3v0FmGOaBLwfOOZ/P+fGlAKAclFQ/S960zHplse4M5qtoW5XxVnIfZ6ujv+8PhOO9zzK1NTTDUv1p7E15DL3oUAJ5yAnJUqsjdGo+NgYLoGtxxZLiHGZk9OVDCQg/8wL9hBor/QS2JqqxNkBgcVyFnmwH7aEEbG//iNnaJOPqZDMMc61Yn1FC3ytBVrB7yz8FEQxrXinPY0USxAARytyK4tqNSkQxP/QtAiy03YO+PQ19ZbGw519SOQltj/8lCHG9wCzleRqKAhjYm4rCeJSU5yBfmoaMR0K0valFbk8W7NIvVl0W2BzbFRRyr/Q9ifJFa2YYZutTUSfgQBLERFmkJyonUiEbE+GxJhF5miQ0vZUjQRkHlygnYlcg5dKb3vco9hWmSGGgcOwO8jVCZI8k4O5INMRD0eARoZgnfP5fWH62H6TjYigIFroCLdHNNEUb2xwPYh2ge3r9j+DI1WKxVBy3rzBbTjKKM90wnuyCzZcFMM6qsd6QhOEYe+MA73z1L9jEtSGcLdCs9X4C7je2IK1CAaGkCs+GNyGULqKRabG6QcKQsACRBfmIhi8P3dHpSZ2n0LzLOJz4jvX2OQNyZgH+MBDcC/h3AFwFyfQD3R5mMGpasXctZ5wiz02NlKkcx+3R5hIIXugRogZClEYEKIzgVBnAkgGsEgNUN07imzwMIKHvtyn4SubjLSo6vaiLFG2xm645NxE30wcR0QXwXpETKIGgdiBwZ4q8eVTzfTHEt4FORMNnsRk+hJvgNct0W+1FTaG8q4l0UWWxU5w5tUrHhBEw0qfITIOROgm3FA3o155rS5LDM0di7RvIH7U7Y5P7wg68099P+T6oezGZAe0AAAAASUVORK5CYII="
"data:image/png;base64,iVBORw0KGgoAAAANSUhEUgAAABAAAAAQCAYAAAAf8/9hAAAABGdBTUEAAK/INwWK6QAAABl0RVh0U29mdHdhcmUAQWRvYmUgSW1hZ2VSZWFkeXHJZTwAAALQSURBVBgZBcFfaJVlHADg532/bzvNo9MtY1oXRlRWsCREIlFXoaBmUEIkaH9uCsokEIK6qbtg4UVBIN0kFETQnVQ3FmXOxMwg1BApA9GdTdFJbLqzc87763lSRNjy/i+vDgw2dudkLe5AAgmRiKJbyj83r8eP6b+Zd44d3LEAkCLC9g+PH/ty39qHc07LgkoAEAHh2mzHV7/fNHWpfeuvs+eHJw7uaEMNuUqr++tq2bmrqpwSiSj0ouh2w+1Oz5MPLPH4g7WT5dqiKA/NjL313dDRT59pZ0gpLY6Iqr/K+jJ1ospUiZTIEoqVg/12rFvp3vsbA/Vg8xBkCBJk5EROSU5JTklOSa6S1o3bVi3ueGQ4ee2JO1V91QtQA0RQVyRJpKT0gpzUFf2R/X09LJSuUhZsvK8h1bkLNUQQqFMWQiDlJCEKUWX6ySUppRIyKYMaAgUpkSSBQBT6KkDKUi+JHAoigBpKlwgKEiIC5IyS1FUQiSAkvUKvADWUEiKCYL5927k/jpu8eMby4SFTV69b9/ROA0uGHDt8yMhdQ36dmTE0O1iPjb3brKFX6AWdhY4jh7/WiFkv79ltbm7O5cuX/Tbxrap/wM7nnlXXlVarpe/06frI+cEPaijdUCK8980xq69d9NKeXd7+6HOzF064e+UKo6OjWlf+deDAKZOtKevXrze2aaNLly69nqHb7en1qKfOGh5sgqde2W9+oWPXrl02bNhg27Zttm7d6la7440394GlS5c2aui2S+mWEnnpinS5dRL8dGhc9HrGx8c1m00wNzcnlfDJxwdiy+bN6cqVK/M1dOZ7083+avn+7WuaX3x2NE/8fNSLY4+yadT09LQLFy5oNBpWrVplZGREztnEiVO9ycnJqRQR1u39YW+3E88n8VhemF68/Mb3ffeMLEuNRp+EM3OrO920KNYs+rM/KdFuL5RWa3rm1uzMlv8B/jBGW3bkYMYAAAAASUVORK5CYII="
"data:image/png;base64,iVBORw0KGgoAAAANSUhEUgAAABAAAAAQCAYAAAAf8/9hAAAABGdBTUEAAK/INwWK6QAAABl0RVh0U29mdHdhcmUAQWRvYmUgSW1hZ2VSZWFkeXHJZTwAAAKnSURBVDjLpVPfS5NhFN6/0F1EF9FFBf28GhF0UWrkVQQZkamgbckoGEUsbVJgLl2K++F0bcx0UwZT07bZnG6yzc3hJND56ZYr59zELjSdm36NTZ6+9yOEQQyii8MLh/M857zPeQ4HAOd/4p8BBoMB3d3d0Gg0UKlUDzg+nw8kpqam4HK54HQ6MT4+DpvNBovFguHhYQwMDMBoNEKv17O12WwWiUQCMpmM4ni9XuRyOWQymYKRSqWg0+nWk8kkwuEw2tvbo1KpVMDxeDxsIh6Pw+/3IxaLgeSi0SgmJiYQiURgtVrZmsHBQVAUxU7U0tJSdKiBw+HA9PQ0RkdHuW63G0NDQ1wC7uvr45JvaLVaLgH7jbdE4f57iHxqwpzuBuZVZytZgrGxMQSDQVaDlZUVVgPSmYBDoRDb+WtAhY1JEXaCViC1ju0gQ9h688ehuiMjI0in07Db7WCU5prNZqI0l4wbMBXVbVKvkImbseF6h/2Fj8iterHwgU8fEjCF4kAggOXlZRAw6WwymRCe1WOLEuNg34v974+xFXiCkKEGQW3FZkBx+1Tejnt7e4nSUKvVUCqV6FcL8XOhDge0H3vfqkCvlWN3qR6LnSX40lZ8qaCRbG+O3t2YFf0BV4KO3UeSeomQshiS5zXbeU7s6ek5zSj9vqurCwqFAhrpI1C2Z8zYHtDRGvxaq8AOM0moowTh1ssnBAJBOo+AEUtMXrlcLlQ2VGwufq7HvE2GxEwZ9qLl2Jp7gSVlUarhKS/BgIV8Pp/OI2A8LWZsya7LRPyxu4qw5g4m64/Bpy6F/fUVGDqbWRsztaiuro789ZgkEgkaeeeQ8XcgMyPHTNM1mB4eT9nrLlysra0V8ng8AkbBayy7eoR+W3Um62wuzTrarrstovMnC13nb3Lp9V3T7PhSAAAAAElFTkSuQmCC"
"data:image/png;base64,iVBORw0KGgoAAAANSUhEUgAAABAAAAAQCAYAAAAf8/9hAAAABGdBTUEAAK/INwWK6QAAABl0RVh0U29mdHdhcmUAQWRvYmUgSW1hZ2VSZWFkeXHJZTwAAAIwSURBVDjLhZHLaxNRGMUjaRDBjQtBxAdZFEQE/wEFUaurLm1FfEGzENwpturG6qIFrYUKXbUudOODNqIiTWqvFEwXKo1UUVRqS2NM0kmaZPKYPKbJ8XzTiUQxceDH3HvnO+e73xnH8X7fLjJInjbgEekiOwA4/sbBD0Ov5sIqY5SVXiO/Rpospw01HphXrOttZPBMxCkWJ3NltZItq3i2pOKZklrWi9Z5SMuKwf2GBtJVxJotiqWLKpIqqHCyYO3/Z/A8UyirBDtLcZTi6Y+RdxdHAsnTAy/NM0TerCuRlE2Y9El+YjCWoLBkViyxdL40OpNmLuBo0Gvk12AuYC5gLqB2XAw8A2NBFZzXVHm1YnHq1qQpYs4PjgbmAuYC5gLe0jrnWGLwzZqDi33ksSTunw3JvKZ0FbFmi5gLeDswF2v/h4Ftcm8yaIl9JMtcwFys4midOJQwEOX6ZyInBos18QYJk0yQVhJjLiiald/iTw+GMHN2N6YOuTB9YieCozfE4EvNYDO5Ttz2vn/Q+x5zC3EwEyw9GcaH7v0ovLiN6mcf8g8v4O35vRg+edTr+Ne/tU2OEV03SvB3uGFQjDvtQM8moM+N+M0D8B92LjQ0sE2+MhdMHXShOutF/ZO6toXnLdVm4o1yA1KYOLI+lrvbBVBU7HYgSZbOOeFvc4abGWwjXrLndefW3jeeVjPS44Z2xYXvnnVQ7S2rvjbn1aYj1BPo3H6ZHRfl2nz/ELGc/wJRo/MQHUFwBgAAAABJRU5ErkJggg=="
"data:image/png;base64,iVBORw0KGgoAAAANSUhEUgAAABAAAAAQCAYAAAAf8/9hAAAABGdBTUEAAK/INwWK6QAAABl0RVh0U29mdHdhcmUAQWRvYmUgSW1hZ2VSZWFkeXHJZTwAAAFCSURBVDjLpVOxSgNBFJxcrkmC+AV+gP5BwEKwtLESW0mZD7CyEyViJVhbG7DURvEXBAsDKgpGxIjIecnF29t9byyyAZu9wkz12HnMm3m7WyGJWRC3Dq7aq83FTpKzMcwyqFNYVczHNrvpDc5XmktrXz9siAJpksCKYK5qs9u7t+3T/fXjysn1q9TrtWhqhCSUAAkMR2PUGzWoAkqCBJST+qF3r4ft5Wo8toyy77En/zQpoSRSk/kaEH+mCoxyiQAARxcvDGHv7DnIbe1ekiQiUQ0uyIkEucJaAEAkUiLgwpzNvUDhyqa4sLiZcFHplBJxN41QNsWWOXDegTFFsMnkJixujI9QlOUMR1DxDopC/hVhentx//Gp2+rkG2IdksEHnDioE4goqOxv7uQLUjiIE6Sf76AI/NPpAkBl1t8YYUb8Ao9lHyy2IyRjAAAAAElFTkSuQmCC"
"data:image/png;base64,iVBORw0KGgoAAAANSUhEUgAAABAAAAAQCAYAAAAf8/9hAAAABGdBTUEAAK/INwWK6QAAABl0RVh0U29mdHdhcmUAQWRvYmUgSW1hZ2VSZWFkeXHJZTwAAAJCSURBVBgZBcFBi1VlGADg5/3Od+/cYWjUTYlRS43Zi1BGuGlVizZB0EJaFf2JNpHgPt1kBf2EXFlEZFFCUJsIsWmhI07iqOPM3HvPPed7e57ITAAAcO3mw1wOg2Fo4PbOo6NoGfuL4d7du4tv+r29yz9dfXsemQkAAK78cD8/vHDKw4Mm0DKtxqZ2fP3bE7/f2vn2wb2d9yoAAMA4psdH6c7DVEpaDc3+fPDG6XXnzxy3MS1vXf/u4LMCAACQ6IJZZdqFaRdm0+K/J3NnTnDx3DEb07WPCwAAAEQw6ahB7cKsFtt74eb20tN5mtSi3r5+9o/Z5tZWRAFASp8KoSsFiNRastaJErquk6iR5ZWXzn85iQgSkghu3NdACE0XTGsRmVoLESGTasiF1q8tH1wx9h1lU8Rzfrz1souvv6gWShQt6YLSMGW9kpmqVZRsvbGfypYOt3/29O8/XTrO7hcEEoEOHWZoH/xCC1XkrA1z+9t3rPZ2tNXCibPvq1sf2dzoZBZAyqQU/vn8nOVwIFqJalXU9eedvHAJjUypOXrwlf4ZKWQWhBTq5mtgWja1HPpqlZnjQr97DQloDudFP7BcsRpGi34wX/aOv/BYxbuf/Lp7bGOyXi1ltoFAJhptZXNtxXQpxwXtUBv35fDU7NSb/sWNy6+ehKrPDCOZ5Ej2si1pC5lzOR7J8UAO+3J8hgYAavatDkePtGFCFrKTOaGtybZBrmT2RE8ZjIsFAKi5WP61ffWd0xIBAAAASMT3tLwN8D9pITwp1Smo1gAAAABJRU5ErkJggg=="
"data:image/png;base64,iVBORw0KGgoAAAANSUhEUgAAABAAAAAQCAYAAAAf8/9hAAAABGdBTUEAAK/INwWK6QAAABl0RVh0U29mdHdhcmUAQWRvYmUgSW1hZ2VSZWFkeXHJZTwAAAGeSURBVDjLxZO/axRRFIW/N7o7CZIIKhosAoIIopWNqEX0L7ARG0EU0V4UVLBJJVjY2FgsgiykCOY/SIw2tgHJqEELUUzQJpudcd/c9+M+ixBYhNkmhae7X3E498AxKSV2o4xdau/wMfv6V6XK89mrRx4N8zud78ve6UXxivjAwv0TpinBvqg8uNf98WQYWqucmh7j0ukJSknNL1ivnDmWm8OT7Ye3Xnx7tsMH4hAfcV6prGs2EBdQYPpgm6n97buXn669BCglYV1CvFJKbO7gj0+4oPRt5PhUi02b3zz/+EMbDLUbo24Z+labDaxVJCi9QSAzcPLoOC24tlj0ZHI8Q3wkWN9sMBCH80rtInsMZCZRB6USrco65hmgoxKUkhCfIEGeG94WW6x87S+QOPR7080cmGiRZESJld1uO28Zllb7rKz15n92zl5Rq0kk4oKS6jgqQUS88q7oUXwpu+vdc9cBkjiC2+5n5At9qywXPT593nq1Pnfhxg5PdcR7xUcl+dBsEKzn42rZ2ZifuT3M1Srv32yQgvLv+Mx/X+Nfknb5JPA+HGwAAAAASUVORK5CYII="
"data:image/png;base64,iVBORw0KGgoAAAANSUhEUgAAABAAAAAQCAYAAAAf8/9hAAAABGdBTUEAAK/INwWK6QAAABl0RVh0U29mdHdhcmUAQWRvYmUgSW1hZ2VSZWFkeXHJZTwAAAKYSURBVDjLnZPJT1NRFMb5G1wDHV5boNiqdHrvFYolCAtsGSSWKpMFKhYqlDI6oAEKaVJwCIgSphaKtLYWCgSNBgRjMNHoxsSFS3cmJmA0NMTw+R6JKKZl4eJL7sm953fOd3JPHIC4WMpcppG5SGnZc8ZjVVF6QLn975sDgfaZmvg71oRJZIRUYcuAnq/2KWroGfm3QwEn2YpLVPPvOD2oiqj9yq/mGznegl56mx6T7ZbY1M6YAM0CuZkxT0b2Wg6QW/SsApRXDsotR+d6E9Y/h9DuqoCuJq0lKoDxqU1/pITGR27mBU4h+GEcTz5OY+ClA5JbyahYzof/9TBO9B/FcWcqpA4xU3We3GJ87ntnfO5meinMvruNnqcmXA2XoDVcCc0wCYkzBaZpA7ILRJ/2O2B87jA+QT9UeDRe8svZYAG8b/txc6kc9mA+yqayYPQXwvdmBEOrA5B2p0BtFIYOWKCm5RukWwZyXIbA+0F0LpaiKaBHmVsLw4we99ccsM8a8GClF5JOMcQdou8prULrgRmQo7KI0VcE13MrGv06lE5kodhzGvdWu2GdKkTVWC4DcELcJkKyXbCb1EhAVM//M0DVUNqP2qAJd1baUDaZjTMTeXAttsPi0cM0mgvHvA0NkxYk2QRIrieOsDmEmXttH0DfVfSluSToWmpD8bgOroUOWNw6VI7koGfOBuq6EqLLTNU6ojrmP5D1HVsjmrkYezGIrlA9LjKgnrlGXJlpgbCOD0EtD0QNN8I3cZqjAlhJr4rXpB1iNLhrYffUQWoT7yUKzbxqJlHLq0jc5JYmgHMunogKYJVqF7mTrPyfgktMRTMX/CrOq1gLF3fYNrLiX+Bs8MoTwT2fQPwXgBXHGL+TaIjfinb3C7cscRMIcYL6AAAAAElFTkSuQmCC"
"data:image/png;base64,iVBORw0KGgoAAAANSUhEUgAAABAAAAAQCAYAAAAf8/9hAAAABGdBTUEAAK/INwWK6QAAABl0RVh0U29mdHdhcmUAQWRvYmUgSW1hZ2VSZWFkeXHJZTwAAAHOSURBVDjLpZOxa1RBEIe/d/e8FKeFEA2IGBWCICZYBSESBCFglUDSCJZaRBBbK1HQ0s4/QQlCgoKdoBA9sVBshCBETCNRiUUg5PDt7MxY7HuXdxgEycKwyzJ88/vN7Gbuzl5WDvDozeZtd66p21EzQw2iGaqGmhPVaqFodNTs/f0rI+M5gLnfmB0/MPg/le88+TLWU6BmgwDtpevgDhrBFETSORQgAQoBEbZvvUJEB2qAqg8ORw6BxRQeS0gBUkAMsPIdAIm60wNVKwEZrG+AW1JilpRotQNDQwCEOiCWgIXhe1w+f/if3hffrXMhxH4Fooa5kzdT0rNPi3TWlrl6bp7PP1d4ufqCiyNTzIzOUYiz1RWCJECjsuBA3swAmBmdoxu6APza3uDB9EM6a8sAFFEJYsRoOwBRww3yxt+Su6FLq9nqAQuxst11QDTcnX2lhc7XVO3jtw8cOzjMzafzTJ26RJUL0B7Ia020dNlsJAsTJyaZODlZziVj+swsWZb1AarJJUCMeCnn8esfaWruiIKoEtQIkry3mlUx+qfg7owd389prd6+9/7CbsvMrfaQ/O3dhdWzQa0tUZGoaDREjahxV8Dm1u/nANlev/MfAjw0JrMu09AAAAAASUVORK5CYII="
"data:image/png;base64,iVBORw0KGgoAAAANSUhEUgAAABAAAAAQCAQAAAC1+jfqAAAABGdBTUEAAK/INwWK6QAAABl0RVh0U29mdHdhcmUAQWRvYmUgSW1hZ2VSZWFkeXHJZTwAAACISURBVCjPY/zPgB8wMVCqgAVElP//x/AHDKczMjBE/f/F8JvhFxDuBfIY/xNjQsH/P0A9ILgYqMfn/y8GCDxDtAmp/3+Dbf3NsAGoxw5uwi2iTYiE69kP1KMP9cVvhudEm+ANN+EsUI/i/99QP30m2gTb/z/B+n8z3AbqEQWaAAnXP8SYQDCyACM6Tx8bGCIyAAAAAElFTkSuQmCC"
"data:image/png;base64,iVBORw0KGgoAAAANSUhEUgAAABAAAAAQCAYAAAAf8/9hAAAABGdBTUEAAK/INwWK6QAAABl0RVh0U29mdHdhcmUAQWRvYmUgSW1hZ2VSZWFkeXHJZTwAAAKISURBVDjLpZNLiM1xFMc/v//877yYMYwxjzzKW8MMG8YkMwgrLJRXFAsbj4VkUpLsJMoCCwuPokyShYRhgabbhBg3N+8xpGtct3ncedz7///v7xyLG9NEs3HqrE59zqfT+RpV5X/KGW348+GyaLylftQNRlXpaV2hKoqqLkF0uoquVdWd+VXrUFWGOm+hordV5K6KhsVKWEULp25qN0ZV6X7SqHlV68j0RHHyynBLasmvWAk5YwFBgx7SP8Kk4y/wu99RMLmR3shlpm2NGBdARYvTsZbk+LqLoILafoK+NtzipRjj4sebCRXOJ3fOdlBL4ulJxMqaPzcobXzcL8EgqBAkbhIk7iDpL6ACKOJ14cWuMfThKKjgdXegIs8B3N/HUNGsrvVBAjCCpMKYnAC16WxnPFCLEyomM5SsBHqGAVZAFcRHbYBxLJACE2DUA02DeFkjaxEr8reBZg1UA9AcIA14KB5qA9R6qAqIQa2ERgKsIOLhFMzADkTA5ILjg5O1eBTLo/X7ePqencRPCamhwh3XockZNpAzyTdXcMfVYUITMK7BuAHG9Xnw2dKeKaNheQN7tuyldnE1TORQ3b6qU38AVRueHxjsvE/yfTO55RtxCsbg5AYYd5Dbr5MsnFuLdSy1lauxJqBuQT3A3hGvrFbKBjruMdBxn1DpNow7E+MMEu9LEDJjWT9vPwAHV11gxqQagPwRgKmbXyUyqWR1b7SZ3shVrD8FzG76B7qJxsKceLALgBMtu/gUjwCkzb/S+PHS3HK1st9xxxwpmt3Iubs3eqMlRSX1NcuYVbGID10vCUda+fa577QZLc5vz0+fYP3McfEzTbu/cgzYAxQB/cD5trOxw78Ay4ZsAbSg5bYAAAAASUVORK5CYII="
"data:image/png;base64,iVBORw0KGgoAAAANSUhEUgAAABAAAAAQCAYAAAAf8/9hAAAABGdBTUEAAK/INwWK6QAAABl0RVh0U29mdHdhcmUAQWRvYmUgSW1hZ2VSZWFkeXHJZTwAAALqSURBVDjLjVPbS9NRHN9T/0BWFBQUVIQKXigCpVIyygcDJUrnZdNEc5hlmZc0TdSF0bxszs3LvM3pXE6Xa3NL0TJTl7pcTY1Ec5rX/WxqCrHhp7NBPaRGD5+Xw/lczud8vzQAtJ0wWhLp+4kbUThSFGrQFwTrB59dE+ryA/3+vreNOMaPOmLkMeUT4mTMaoph1klh7pPApOLAUH4LPTn+X7qzLwXsKDDGj0wy8hibM+oCrI9pYTWGA0ZnWEd8sWZQYvXDC5g0XAzyo6BJP5f/R2C89OYeErlquiUPP9vogNgF1iYfbH10B0zxRMQFC4oszMsz8F3XBOqdBKqUs7a2B6fdHAIkMnu6le1w3WrwBLrjHSKWrhhYh72w2kVHjTIIae3eKFJexkp/I0YlKWhJdKsgZIanoTjMtlHPxSY9BD/YgbA2eGPteRjmWzOJazrmZKl4rL4AQT8TD4nIfPMjzKgKIUtwNtJIyxXftISclICN3GxYfHyw3FEEy1ALLIPNsOhkWGzLw5umCHCUflBLr2O29i4WXgnQwDpB0YY5NyapASmoxlxQrGAsFrAIWQ6D6Da0GecxXBaLFfLmuHI+TgrkCBCIYKqIwVKHEHWxxzZp758GbTrc9AqYu4WYb8kkRcnsLcPejzL5DKi3dfAQSEFX9RKRZkzxQklKIaqjD4PW9+QqVy+IxmdpOkwvOaB6xVjpa8QQOSMtY4DHAPW6GuLSVFwprUJxSQYWlRyMS9JQGXlw3PELZDB8OzN9c0hkdXua1/pYfTKonloHkeoWYVachCkuHZNFwZhrTMeCmov2rIsoY+wL2TaJJLKr4r6HzUyIpso4R9yp4mB8LWFgScPHtJyNjhx/CCOcCnccZTua77jKRkiJy51lmKlJxJK2lJBLoOMxiet+myDcKWXXXbBDGn/KTcI6brO7TUgzMcBl4Pk9d3tkhSB8r+s/l+k36mKOJpKW10VRh/TlzAOFJLLnTvd2Ffhf/AKfTM1hskDhXAAAAABJRU5ErkJggg=="
"data:image/png;base64,iVBORw0KGgoAAAANSUhEUgAAABAAAAAQCAYAAAAf8/9hAAAABGdBTUEAAK/INwWK6QAAABl0RVh0U29mdHdhcmUAQWRvYmUgSW1hZ2VSZWFkeXHJZTwAAAImSURBVDjLnZNNiI1hFMd/73vvzSXjKwzmRopJyFcaYmczPko+8pE0SpYsrLAglnbKAvlYSNkYjYhmSrIRRRQbKblc07Cii3Hf82Xx3jsxG/Kvp9NTz/mdc/6nJ4kI/kfdl9ftENUL6b887rm9s7K7d+va35I3i+r1jvaZk5O/ddBze+e8LJNFWZbdzES7RaQsqn0zpk0vVGu1+l87yDKZnGVZb2VaRyoiA6J6a05HpVCt1erAiuTOwOYA8AjcHHPHzVA3LFNMhHea8rI8hYltbXz78YOhwY+s1++0qVPc9PU9zN/zZ1n3P485j7584mT1FQUPrs3tolIswcPrFEeS6oPgTpiBGagSpiBKqLBKlUvjJoAa7UOvYfoCGI4WICACVh4jKbURL84TZqRLD4AOY/cOk244w+xSGX1wmvjwHESaAFVQg3AoTSAenyJZfYLEGvjTc2BO2nUQ5Dty6xCFJbvR6rMRQIpIDvCAtAjj54Ar8bVGuuYo6fL9+Jt+kqmdFLdfxN8/Ac9HpBGkDP/M53UHIFm8j3jbD1kd691DEKQLtyFXNuKv+ih2n8qNVWsCGprT3MEFf3aWpHMLfPtMYdtVkvIk7OUNSj19FJbtQu8ebwIUBJI4PStYtpfgS+66KiEKKoRIftdWVDAjzBgztgJ99ykyHCBCYmWS1grNwByiaW7qUDBIAoqeb6ypJI7MCCQgC2gAFpCNigoYudGjlPzvd27pFy1NYQEtEp0PAAAAAElFTkSuQmCC"
"data:image/png;base64,iVBORw0KGgoAAAANSUhEUgAAABAAAAAQCAYAAAAf8/9hAAAABGdBTUEAAK/INwWK6QAAABl0RVh0U29mdHdhcmUAQWRvYmUgSW1hZ2VSZWFkeXHJZTwAAALDSURBVBgZBcFNiFVVAADg75x777z50RmdDJG0phpTIwq1cqP9IBqlLaxNpYVSVIvahLVLCqFFoGEZQkQhgdGilUghaqRNIKgUZEmQlCBlmmOm772Zd+85fV/IOVuz7ejmgeHWxhgsRz8CCMiBnNQp/Xbln3w4XJ18/die9dMAIefssXcmjn326vIlMYZZmUIGIGfILl7r2Xfiir/OTbV//unM6Hd71k9BCbEIi/rKYtbpvxUxBAI50eSkrrNOr/HQwplW3FE6ni4O5rR48sFXDsz+dve6qQghhBk556KviKpIGSgiRSAEooBk3nCf9ffNMzbeGiiHhz6F8NSO1WdTHh2bNZhCk4Nl44+7fP2Sb37cK6NVzdCk2rplz9j0wEtaVandnbbpvZP1wbdXVSVOvfzI5ls7rT/9fvmMUyf3q1PbsoX3mG5q7XZHMmp8wdOOn6ulNG3VbS2hjDVEbPzw64PNDXnc8NCwRXfNU8ZBl65e1m53lcVcW9a8b3hoRH9fob+vkkVCBPHz1w5NtZsne19M7LVkYLWZ/QPGF92i2+mq69ILa3caqFqqMuorCq0ySsgZiNBuHy6+//WIXQe2u3/OBk3ZceeSu031Jp3+45CyoCqCMgZlETWJJgHx3jduevFa5+NqxeKVchXs3P+WRxc8a9Il88du99WJDzy/a0zIQRmDIgb9VdDUGURsI5s4fcQvZ3/QmW58cuQjT4w9Z2TmbKM3L7D01pUyUiajKqJ6ugbliXfPz3/4zYnOvq3L+y9eq8C/1y/4cmK7691JIUQjgzeqIlUMIOWsN5VACXXdaBoARobm2rJ2NwAAgJyyXrcGEeqplOqUMgAAAABAWcZUN6mGEnrd5sJQXzFH6A3lnKNMAowMlCBnBqooBKkqwn9Nnc5DCSHkHWu3Ht0QQlia5UEAmYwsAxl0U0qnymgf/A8eWStYAg6kAQAAAABJRU5ErkJggg=="
"data:image/png;base64,iVBORw0KGgoAAAANSUhEUgAAABAAAAAQCAQAAAC1+jfqAAAABGdBTUEAAK/INwWK6QAAABl0RVh0U29mdHdhcmUAQWRvYmUgSW1hZ2VSZWFkeXHJZTwAAAGXSURBVBgZBcHPi0xxAADwz3szfoxRGqzV7C6hVhwcJU6Ii5xxWBJFDuIitaX8FViExMVNIoe9IAeSH+vHJqsVOWBmlpmdNzPv++b5fKIcMLU5HMp2/xttLUrm5p+1bp5+DEQ5PhSz8ezs4LKypodKhs2E5v3o5JnfRLkPC7LrlbEBsY55P701Y70RX16U9h39E+XeXlh+cbWgLxXJJWp6lqibupceiN5szF6tKk+KbLVOoi3R1dNUNuvb/jiMrSxf8sCMr/oymUxHW+qXqt6pOOzp+2yJlo/m9HR05L6b1FSQbiuGDU11bX/l5sUSwbSb/qk5qFeI03jAiJqKIxZq6/nkqjreq0sV0x8LK+Me2WlASx9z2mIULRbE6ZOGQQes0BUEHcOWiuTWKUnfxent130SqSCV6olUlVTt8kW4HOXuXhs9tkZNQaJpXksiNaTn0fOwu0h67sWm+vbPGtYakiuoqGh4OJsdu9KJcpyvdm8M7a1oKNmhoGXay6fh5MRHohxw4nD3eLolL1ZD1g9T4VZ2Z6IL/wGvx8Nbuo22qgAAAABJRU5ErkJggg=="
"data:image/png;base64,iVBORw0KGgoAAAANSUhEUgAAABAAAAAQCAYAAAAf8/9hAAAABGdBTUEAAK/INwWK6QAAABl0RVh0U29mdHdhcmUAQWRvYmUgSW1hZ2VSZWFkeXHJZTwAAAJ7SURBVDjLjZNPSFRRFMZ/9/2Z90anRlKzMS1UjFyoWS3U2oVQ0KIWrXJRFC7KTdRCqUWQkBt34aKN1a5FEUkRLbKFiBAoVi4kUQIbtfwz0zjjezPv3ttCwyYr+jibs7g/vu+cc8XDwbE+pcT5TFa5fsB26fzWtsC1Gbh85vA1AEtp0X76WGWp67pCCJN/yVMggxxP30xfADYAGV85juOKR29X8VgmJaaoKvtK2E4SaMXK9zCT01EKdB0Wxdw4V4VUQvyEWtkADMPEEJA1Fqgq+YoT+kzSTxHIAMtxqK6MMTtTSFGoBKXyXVkACjAMga+/EbJXSawn8aVHNggIdBrHcUj7YYrDBhqdN5gtgBDoQOHLHF7gs57zyaoAqQCRQyuJZQi0zp+qAaD1BsCllFS6EI2NryR+IBEiRDoVIRIqxzQN0GJ7BK03IkTMvXxZWCTqzlNQaOCIgLWVAhYXYsSi1ViG2LYZS/8KsHdTHm5ibnyIokgcISW2V8q+mnYibgyp1O9nseVgarkDqRRSKQ7432ip3I8CZuYXebXWjZkoxFQRbj/wyHjezhfd87de3p3osbTWCODkxmEBYNYnyKSXceffU9LaQcP0GEuZKY7UHaViVy1Dk8/E6Mf4nebO8qLNVPnGZLgIv6SGZP1ZtGnzbvIthw42Ig1JY6wNKXI017cCXLVcWyRRuWhjWTMIsYnSPwuApeQitohwqu4SANdP3GfwQz/w3LVClnj8ZGimJSt1vdZ//gOJVCI6GR9hIj5MV9sAva8v4poOgCf03179oubO8p6KqujN1obj1O5p4tPCOCPvh5mbTfb9F2AT0gtcAXYAKaB/9F686wcCdBKN9UyNSAAAAABJRU5ErkJggg=="
"data:image/png;base64,iVBORw0KGgoAAAANSUhEUgAAABAAAAAQCAYAAAAf8/9hAAAABGdBTUEAAK/INwWK6QAAABl0RVh0U29mdHdhcmUAQWRvYmUgSW1hZ2VSZWFkeXHJZTwAAAIxSURBVDjLpdNdSFNhGAfww0Cri+gyKLowpMC+LsooEy+SgqJuKqRIiIQKkryoi4zaUmbWSHKdPkYz05xdnKNobmwW6Vi6tbk2TDYl82PTTSr3PXe2s2T+O+dgYwV54S7+vBcvz4/neXleAgCRTf570UXdLda9ORUytW1LDbbkp1TK8h8PLu1rvn92C7houBxfEbA/E+Hn4C6wAQMYTxO8vbkwvMjBYiKED3X7BUQAaFqao6XLgxZyDaxyAp9JArYnBCLjd5CM2bDIupCI6MEEtRjQtWK2rx7t13fzQMUfYHNfx7H4wtQ9xFwPEZuuR+I7jWSgH9H5FrBRI4KeGgTcN6CoKoT3YyMaL+TxwCYBoOi6M5+6i37xgM9YICQ8elnAmKCai4YDJHCPnEDnrUJMdFfxxUg/Ik2JlSPq7anYtAw+0x74zXs54AqYGRLxMN9FK/yem5hySpcMDYfh6hX/DXRR15yhcclS2FEBv+Ugl0OIjFWCmVUgGR9FzE8h6mvGF7MMY21lMJNHecCZBrRUWXhhcrn9ga0IOy4Kxey8BoGZWnwbKsCkbSOGX+cJwFtJEQ9I04C+o5SNTojBuOXc3I8Qn1Nh7v062BUiWHXnWLtD+1TVTxt7anPhfHUayqs7eKAkDajbz3tN5HpYH4swJBfBQq7Fu6aSROZOcAWlLyt3Ch1kzr/iIv0DyHpqirMCvloVJ7MChGJ9w5H0Cq8K6Lx9gAeqVwM8X/6F/Lkh8+43zznRPkqpYfEAAAAASUVORK5CYII="
"data:image/png;base64,iVBORw0KGgoAAAANSUhEUgAAABAAAAAQCAYAAAAf8/9hAAAABGdBTUEAAK/INwWK6QAAABl0RVh0U29mdHdhcmUAQWRvYmUgSW1hZ2VSZWFkeXHJZTwAAAFhSURBVDjLjVJRSsNAEJ3WpkKgIA2hVIL/fngJv/3rNbyD4BU8QD57AOkBjOQCPUHIX2m1YAtCku64b5NZtnSrThhmNzvz5s1jesxMsDzPX5RSj7jrSBIPh4ONzvlpNps9m0IkwrMsW+73e/7L1us1z+fzd6kbUGdAhr0uv0hpUowPUTteWP9EvL9happGyo4BaoUyouurARDMmZ1YfFama13XpwCYD5mK2RZR192AGU1a2l4GLQAfdbSRW2aqO59lcNHXUSeVH1U7N7dFwkoAqqryA0CHh9tL20GUJuqZ+3A4pO322z+CW4QOq9WKNpuNuUdRRHEcUxAErdjnRpClQnFZlpbBbrcz76PR6ESDvo+BdE6SxDjOeoHsu3cE/BQGoCnu6uOO6NVAAMbjMem1pqIo7BjQ4VcGLsBkMjFdXRGn0+n/AMIwNA4QnyHHLJ1Hg7c0Te+ALo5Eia5rPRZS9wNIBbXTpSVpqgAAAABJRU5ErkJggg=="
"data:image/png;base64,iVBORw0KGgoAAAANSUhEUgAAABAAAAAQCAYAAAAf8/9hAAAABGdBTUEAAK/INwWK6QAAABl0RVh0U29mdHdhcmUAQWRvYmUgSW1hZ2VSZWFkeXHJZTwAAAI/SURBVDjLjZPbS9NhHMYH+zNidtCSQrqwQtY5y2QtT2QGrTZf13TkoYFlzsWa/tzcoR3cSc2xYUlGJfzAaIRltY0N12H5I+jaOxG8De+evhtdOP1hu3hv3sPzPO/z4SsBIPnfuvG8cbBlWiEVO5OUItA0VS8oxi9EdhXo+6yV3V3UGHRvVXHNfNv6zRfNuBZVoiFcB/3LdnQ8U+Gk+bhPVKB3qUOuf6/muaQR/qwDkZ9BRFdCmMr5EPz6BN7lMYylLGgNNaKqt3K0SKDnQ7us690t3rNsxeyvaUz+8OJpzo/QNzd8WTtcaQ7WlBmPvxhx1V2Pg7oDziIBimwwf3qAGWESkVwQ7owNujk1ztvk+cg4NnAUTT4FrrjqUKHdF9jxBfXr1rgjaSk4OlMcLrnOrJ7latxbL1V2lgvlbG9MtMTrMw1r1PImtfyn1n5q47TlBLf90n5NmalMtUdKZoyQMkLKlIGLjMyYhFpmlz3nGEVmFJlRZNaf7pIaEndM24XIjCOzjX9mm2S2JsqdkMYIqbB1j5C6yWzVk7YRFTsGFu7l+4nveExIA9aMCcOJh6DIoMigyOh+o4UryRWQOtIjaJtoziM1FD0mpE4uZcTc72gBaUyYKEI6khgqINXO3saR7kM8IZUVCRDS0Ucf+xFbCReQhr97MZ51wpWxYnhpCD3zOrT4lTisr+AJqVx0Fiiyr4/vhP4VyyMFIUWNqRrV96vWKXKckBoIqWzXYcoPDrUslDJoopuEVEpIB0sR+AuErIiZ6OqMKAAAAABJRU5ErkJggg=="
"data:image/png;base64,iVBORw0KGgoAAAANSUhEUgAAABAAAAAQCAYAAAAf8/9hAAAABGdBTUEAAK/INwWK6QAAABl0RVh0U29mdHdhcmUAQWRvYmUgSW1hZ2VSZWFkeXHJZTwAAAJmSURBVDjLjZJdSFNhGMdXW9BtdxEEeRFMJKiTladSajoqSOnOqy5CgyIkKFDLyI/Q5sZgRYpQFtJNpYgIkm5mVFpTc7Cw47Dmml/RZufs65yzr86/9z0qrVLrhf/N8/L7P//neV8NAM1GmuspaiXCilr/vP8vOB2fUbWWyb9h0YVE8CFSkSFSVlQTX6fhwYYGmXD8qxWJpY7V7qDH18HC2cK+3MhAjUxhef4m4t/uEQ0um3QZoKR5eNsY1WRdAxqZwqoW6lWTVHgQ0WkLRO8p/Ii/wrRtL9ZPIH8kCZp/mahGDYhwJxBy5ZHxusHdyF4T3kx3EBi+TIA6hN35ED+dheS7iOjUGQgTuUgJjeBqs2FvyvX8/d69RgRGKpHku0g3lsDFpPt5RFxHIYwyKjxVnwOH6cDkb0uksJIOkzkdkOZrEPqghzh5CNKXW5h7WoDZZ2V4d24XBg062E9vTQ4YtdWqQeZPSwQ6EfWUkE45iHL5kP1mjJkZfqhCv+S+mge5zwqF64f45ArGL+1J2wt1FSudQyRyD2KeQvBOPWJTxyHPNmPcwnzvNeU9HijSeiUC424xULUNaMpC0HwMpD5DDSJJwUGWxYIf0UP6XELgRoxZGL7Pwt6nMUlsRZnoRuYRarfTcZTlN4+9RZgrJAs7CdHfAKdpX+i5lW1b3Q+Zdy7WXgYQKF6pAU/kv6AFqc9r/F2GCTk4DMlfC3nxEUbNjGC3Hb6T+bRvSnfUjZbvTi1WZSFwbQu85ZvwoliX7jdqr2vG2gtq3K0HF97b9gfpzK9bjtxe63MNl+6sJh19NDZNRGFa/wllZefQFCrWMAAAAABJRU5ErkJggg=="
"data:image/png;base64,iVBORw0KGgoAAAANSUhEUgAAABAAAAAQCAYAAAAf8/9hAAAABGdBTUEAAK/INwWK6QAAABl0RVh0U29mdHdhcmUAQWRvYmUgSW1hZ2VSZWFkeXHJZTwAAAMBSURBVDjLTdFNaJt1AMfx7/OePGnypE27LbNrcbpZKagTqQ6ZjsmGOETxoKiXwURlgkz04sGDeFGYMhEv7ii7DAU9dXOgMCcOy8bYRLtRN03b2JekadO89Pm/eulqv/C7fi4/x1oLwJFvp8eAkzuLmb0daehIgzSGrjIrwCpQAzTQAOrA18APPusZpR59cFvP3nefHGBzbWGSjjBJY00PCgmrqebvWovxv9oHgeObga2F0AFgelkTOA6+A54PUeAyFLl4rkvgwZ7BLNuTXN+p36qfbgBjhQujh6KfWLpu8YXBaEOqDVZLIIdz3wkIt3BX4vH+6QqfvDrMr7eCAR+gfvWAN5obHS31lvGCATJSYaVCiy7dxiQrpRexth9PgAEc3eTSrQZXKitVF8Bqs2Mk/nNnkB3GtP/AcXMYrVhbvsl8zyus5J+hnUJbGrAw30z5/PxUUwtxxK9d3h9abV7L94144GG6c+CnNP45T630Fq3keZDgYfGti7GgA40S6u7v33l8yTda77HKvBHld2FVF7wySIk2Hn63QjJzEtQaxsmjyi9g7RAqTdFSaQDfKvNFpvRIf7c+iVGGML4XjE9p+wHi+nW0FDSrV2ne8yFuVERqTavdUUATwDVKn6nevnbquysxNtzNwtQ5VNpGri0jOjUW9DD1sXOIHS+RzcbUWykqFfNnP3jaArjlJy6dOPbjsc/GZw+S7Hod0hadhd9ZrFzm396jNO//GJUZBgux77LY6KJFWr1zv7/v+Ol+4KOxkSFmfn6bMOpjtlumNvIVYTZP4FiC0CH0oBDD1HQHJcT8BqCFeAo4vFoZZ3nLFBfSo9xQj5HO1hFqEaUNxlr6koQ3D21jrt5BC7H4PyDlw8/tfyD73uFeLM/yUHE3ANqC1BahAAtfnq0SB7Da6qClrG8Gbs/VVjgzkVDsyVIszFHMRSS5iHwcEoUuke/y8r6tRD4sLq2ipZzZAIxS31ycmBy8ODE5DJTW17u+JBMGQSYTUMhlKRZirt2Yvgn8cgf4D/BEgoyc1axMAAAAAElFTkSuQmCC"
"data:image/png;base64,iVBORw0KGgoAAAANSUhEUgAAABAAAAAQCAYAAAAf8/9hAAAABGdBTUEAAK/INwWK6QAAABl0RVh0U29mdHdhcmUAQWRvYmUgSW1hZ2VSZWFkeXHJZTwAAAMFSURBVDjLXZNbaFxVFIa/c84kPZM4M0lNE2svw1g1KG1NEKt9kAYLZbRKlBrQvhYbURG0L1V8MQYUES/QIhrQJwXvtAbxJQVHYiC9DYWCTpVOgkwzzSSTuZ199jln7+1DQDr5YL2t9a/FWuu3jDG0kZsaBI6j1AEcPUQYggrz6OA3hPycZ97+69Z0q00gN/U6Sk3S3RvHjQM2GAWtBoR1qBQFOnyLsY8+bBfITXVizBnc7iydLtSXwauBpUD6oANwNkGiB2oVqCz8ShSM8uK3gQ2AUu8T784CsHxdIVYP4ntdZN+0GJ2wEM0uajcOUswrlAI3mUW23l2f4NzpPVjqMvE+h+qCQspdmHAFFZxEh48RSNDyHJ54Dyu8nUD+w8A9DsWLCh3ujaH8Y8R7HbybIL1DmCAiCq/Q1ZuhsQK2BbHUfrzVo0j5KFIeonxths07HJauHrOJ/Cx2J9RuQiTm8Jof46YylK99R31phNXSSD1anCulk5lIy08xYo5qCdwEeF7WxvcyYCD0wG8FKHGYtRsQeqcvDJ9Ind/7vFjp67jTvfsp1lIdj+O1AmQLrBgQbrOJxPqWZQtEvROvFae1tExqm5JS/mCL4h+J9JPp5NZhqgk39vfg9v2YaP1CtnFsRGOR8p8gGgLZUviNA4z/1D+7fWz8oU3/xpLyspPo60HVz9I3fBypzUnj6BKL8wCLMbzmKURVEMhveOVsAORmZ2c3+754Ol+eZ9fuZ8G/xPxXZ3jkhTcIZfBEfmd6bHihWAH6Y4x//Qkb8H1/kkahq78nTqLXQ9Wvg9Go5nkyIyeswi+T78xvGXh436tzDXtj8czMzJAvmuO31X63e3YOob0rGC148MggOijhugUG9jx3XySD11h/9naEEB90rF1QW+/aR1eigolWwHK4+GMB0Gi/wJZ70ygZvpyb2H1/m5mmp6cPCyE+27F0KvHA0S+Tjl3ERFXgVsfaOPFBylfzFH6e+D62ofuo7/svab/5xaWpI8Jog9H6/9Aax2gNWiu0xhhzx3/je6YQnMUxcAAAAABJRU5ErkJggg=="
"data:image/png;base64,iVBORw0KGgoAAAANSUhEUgAAABAAAAAQCAYAAAAf8/9hAAAABGdBTUEAAK/INwWK6QAAABl0RVh0U29mdHdhcmUAQWRvYmUgSW1hZ2VSZWFkeXHJZTwAAAHBSURBVDjLlVM9aMJQEP6eNEF0sbiUouLgoLRkKXS1IG4dC6Xg2LXQRXATHbqVzq4iQjc3sVscnUSnYIdIB9GC4L/xL333IEFsBj04jpf77nt3l+8x0zRxaMViMbTdbtXVahVer9dYLBY/0+k0mcvltEPsGRzMMIyPQCAQ9ng8IAJd14OdTuedp+4PsS4ngslkctFoNNBsNgWB2+3GaDQKOWEdCTgY2WyW9Xo9QbBcLoUfTSDLsoiMMUFgkRxNwHeAdDpt+nw+8EUKp29O5rhEvnEoigJJktBqteD3+0/rgINNulHTNCjzGR5++1Bvb67x+vLF/dmxg3K5HOZB2+12MncxfzAYxJ25wcXjE5ixZCu9m/wufybfUqnLUqmUtwmomAtKi0ajcrVaxWAwQKFQEHOfK1dQajUwrwdSrw8ZEiKRSC4ej0NV1TwjJXI2IxaLyZwA4/FYFHL12T6fz+3o9XrhcrmQyWTQbreZ6IAnZS5dVCoVEpFYmFVEPpvNxJm+0zmRSIhoj0AJunU4HNogq3C/EwtHuqBfaxNQkhJ8NpGwAPtxs9n8c5ug2+2iXq/bojl0S41URKPuv2Dm9JxPsT8W0mO2IJm2EgAAAABJRU5ErkJggg=="
"data:image/png;base64,iVBORw0KGgoAAAANSUhEUgAAABAAAAAQCAYAAAAf8/9hAAAABGdBTUEAAK/INwWK6QAAABl0RVh0U29mdHdhcmUAQWRvYmUgSW1hZ2VSZWFkeXHJZTwAAAJ/SURBVDjLpZNLiI1xGMZ/3/edOWZojjkiudbMuEVMM4SMBVlbSUpZyAIhG4qlkcJWycZOSslCMTNFuYVpRrkzLuMy5tA4xulcv//t/Vt80ZTLxltvz7N43vd5F+8TeO/5n0r9JNLTs9A7t8FbO0WsfSvWdtdv2VIAKJ45kxWtt4rWh5xSQ6LUyeldXVcAAu890t29zzt3hPp0ljBCyiVMofhMjNkmWldE64t1U5qWTpjXiiuVqDx8RDX35ZxTalfgrl7d6K2+HC5cQBBGYAyk05jhYWrPX350WpcbWpsX17e0QGEMwgiasnzv7eX7oyfHUmLt3mjWTIJqFXJfwAlYS13zHKKV7XN9rInqG6D/AYgkBo0TyXSuId/Xvz0lxiyJMhkYegfGghdwDl68JpycgSiAwTeAgLYJ5scIWgUXx5mUGJPGOYgVKJUs0CZZMpIDaxNnEfAOlAFxYDSilKRE66K3dlpgDcQ1sC4ZtjbB8dxacBZSIYQhTqkwFKWu28FBmD0TKmWo1SCOwagEdZxgrZYYlEowv4X8jVuIUudDp9SJyodP7+NPI9C2FNJRIipXk4FqDVQM1QrUhbB2FYXRMXJXusdE667Ae0/++PFlotTZhmzjiknLlxOO5mDgCQRBcnq1Cm2L8M3zGO3p5fPte0/FmN0d/f13gp+v/Pnw4clOqQOi1P5sR1tj46wZcPceFMuwdjXFbwXen7+gRevTYsyxjoGB/K9PHF/vduxY4ZQ61dQ8d/XUDevBWfJ37jJy/eaQaL2z/f79a+P1wZ/C9Grz5ian1FHRek92zozg68s3l0Trg+19fUO/ib33f+3H69ZtetjZuf9fmuB/4/wDFoO2ZVesLdkAAAAASUVORK5CYII="
"data:image/png;base64,iVBORw0KGgoAAAANSUhEUgAAABAAAAAQCAYAAAAf8/9hAAAABGdBTUEAAK/INwWK6QAAABl0RVh0U29mdHdhcmUAQWRvYmUgSW1hZ2VSZWFkeXHJZTwAAAIvSURBVDjLjZLbi1JRFMb9N3ro8mYgPqSBCIEPoQSGYYVREkxxTLQsREkjlRG18doxZbyGF7y8HAONQUgnENEHQyFmJqEnoQf/gBDKl/na+1RDEz6cDYvF3uz1W9/+9hIBEP0f1Wr1XKlUWuRyOaTTaUSj0W8+n0+86a5o02GhUHjX7XYxGAzQ7/dRLBZhMpn2BAMSicR4e3sbyWQSFFSr1WAwGA4EA4jcMc0ulwudTodXoNPphAOCwSAPcLvdaLVayGQy0Gg0wgFer3fsdDoRDofRbDb5p6hUKuEAu90+LpfLqNfroCpisRgUCoVwgMViGdEvJErQfGrD4rkTP23WYzx70iPBbAQ0Go0LJNbUcbPZjHw+D/KdWHpe4PiQNJ9+wrrF4cvN2zAajb5TAFpM5K6n0ykCgQD0ej1kMhkkEgm4uwZ8jcfQzLjhTN/Do9c3YAxehZq5/PEEQLryxavVCsvlEovFAvP5HLPZDKPRCG/qIfi5B9g72sXnZQ9s34o7rBSKx2fifycPk8mENy2bzYJlWYRCIXg8HjgcDtx/pUbnMInOPAW64vsmsPtmCvjBA1KpFIbDIWgmcw+/38+7b7PZwDAMrr+8hO7RW/y73h/sUsBvIyKRCD/zdGzb7TY4jgPxBZVKhTfyiu08Yr2H2Olt8cU7H7ZOK7BardBqtVCr1XRgoFQqIZfLIZVKIRaLIb12FrfiF5HoMXxnmun+xAMhQS6HSXynsv/kMD3/Bc9MubHqnCOyAAAAAElFTkSuQmCC"
"data:image/png;base64,iVBORw0KGgoAAAANSUhEUgAAABAAAAAQCAYAAAAf8/9hAAAABGdBTUEAAK/INwWK6QAAABl0RVh0U29mdHdhcmUAQWRvYmUgSW1hZ2VSZWFkeXHJZTwAAAGQSURBVBgZpcG9alRhFIbR5/tRA0Fbbe0tp4tFsHFKLSaNjSIGJlapDIq12BgIxJRaCGIK8QaUNN6BmEJBLNIGCcko55z9bs8WpxlECLNWcnfmkW6uv7l/dXnw9HDii+6AhEuYDJcjF26G3HEzTOLC2fZkf//gwdtnK9t1sDTYOrOwmC8ucBqLJxPbArbrpPU8OTzmtH62ngkPX33xf3n0+qv/z90n771HdRdhvAcjfaBpGobDIVOHx7+wzrHOMReNOZcvncdkhIo7YWeZ3jVm1VJJyUjFKcrUzgnqjFBNRhjvwfUf72jbltFoxFTJkFOhJrDkWBZBJkJ1OWFnmd4NZpUESuAJyImiQpCMUCUjLL2Ae+klTdOwurrKVKqZKiGHDCjxhyRC7dqW8PEOvdvMyvRypgDmTk5O6NqOUN1EuLIJa+eec3R0xMbGBlM5JYKAkhIuEVwiVEmET+v01phVUiIU/iqFIHdCPfj2fXe82a7IDJkwMyRhbcutx5+ROy7DzZELl5AIu/SSuzOPzJx+AwKoFtIrwFHLAAAAAElFTkSuQmCC"
"data:image/png;base64,iVBORw0KGgoAAAANSUhEUgAAABAAAAAQCAYAAAAf8/9hAAAABGdBTUEAAK/INwWK6QAAABl0RVh0U29mdHdhcmUAQWRvYmUgSW1hZ2VSZWFkeXHJZTwAAAH4SURBVDjLlZM7i2JBEIUd4/kJu7D+g4FZxjXSRFHQwMBsMxFFE8VEMVEDhRURRREDTY18pAYKirHJBAui0YJv8fp+jme7mrmDjvtsONzuqq7vdp2mJQAkbHxgemR6+os+MUmpRpTkFfC42+2E4/H4cjqd8CuxPJLJZPw9RAQ8UfFqtcJ6vX7TfD7HbDbDcDjkkH6/j1QqdQWhcUcA2rDdbrHf7/mXtFwuIQgCRqMRB2w2G9BPMpkMh9wAqFgUAahgsVhgPB7ftPTqyd0VgLXxtoHm1LfYymQy4Sfp9Xq/B7zXJYROQn5Mp9N/B1xCqB3yhED/BSAdDgfuC0FIfwSQy5VKBdFoFLlcDpFIBJ1Oh3sgxuhrMpkSCoXi/uYas9ks4vE4BoMBut0u6vU6X7OrQ7vd5rFms8ljer3+2xWgVqvB5/Oh9fyMcDgMg8EAi8WCRCIBr9fL5xSjHEHcbrdwBYjFYgiFQhxAzmu1WlSrVbRaLTQaDRQKBR6jHAGCweD2EnDO5/NwOp0cEAgEoFarodFoYDQauWhOMb/ffyaA1WqdiW/hM3N5zXp8sdls9GhQLpdRLBaRTqfhcrng8Xj4nGKlUunMzF2wdr6LgI8EkUqlX2Qy2Vd2zJ7ZbN7Y7fa9w+E4qFQqv1wud7D1mmKU0+l0P5RK5cNPtqSTQgo+48AAAAAASUVORK5CYII="
"data:image/png;base64,iVBORw0KGgoAAAANSUhEUgAAABAAAAAQCAYAAAAf8/9hAAAABGdBTUEAAK/INwWK6QAAABl0RVh0U29mdHdhcmUAQWRvYmUgSW1hZ2VSZWFkeXHJZTwAAAIISURBVDjLlZPRT1JxFMf5E+6fwL9Ri8lsI5cSV7swL82w0SZTB6zWXOuB0cLU8HKhuAooTNrFupcAsYWjh1sRIaDgTLGXxmubD2w+9Prth29tXMWH83J+Z5/vOd9zfhoAml7h+mg3ReuhUxIdR37CrVanUXvgvvsOtk4kbJ+kEaos/bkSYCZv0wcri7/zrTS2f32AUOX+2nPWACvd1V4KmM7fnxQP1pE+2kSuJUM+EpFpvUOS5MJVHgQSuBCwWuU72eP3EA8TWCx523NFl+Iv+zrxRgRr+wKeFJ1NVYA9y+o3mjFskbkj9SDGpTGqm2dSJmosZfRYZXPClLxNqQJsGYt2bS+MbEtCF2SVmQCTukOPikaqbxPnik4l3ohC+ilivbGKcC0Af/klXAVHczhuoC8FmDdpyl2YUrjyAlmfHytklATpJronwP9jAYbYIN3XHXTDuDGkJ6qeRzsz7XCNh1AjvshmRRXQnZWVmIQxOfTf5RFV/fw3LyJkC+6d2U5PwOjbEe3Tz4/bQp0/b92WY5VbsZtuQ3SQfpC71+R3/eAqr2ASR7I9AUSVepibUHhSFCVKQv31uXm+0nPwVQ5dgOfLM+jeXNdf6AFRnZz9NNVeKs8jtr+CCDHvRcmL8bSlqQtdo/v+TBaZ+RrcXUaQqLMZy+GVf+OAcGPaWXCckW7OBgTdslrdPxtwvK6n/CCRAAAAAElFTkSuQmCC"
"data:image/png;base64,iVBORw0KGgoAAAANSUhEUgAAABAAAAAQCAYAAAAf8/9hAAAABGdBTUEAAK/INwWK6QAAABl0RVh0U29mdHdhcmUAQWRvYmUgSW1hZ2VSZWFkeXHJZTwAAAD9SURBVDjLY/j//z8DJRiFEzLlgS7ZBgA1C3XtePUFRJNlQOW655dmHXz7H0SD+OXl5f9LSkr+FxQU/M/Ozv6fmpr6PyEh4X9kZOT/4ODgbKxemLD79X+KwqBvxyvKDGjb8hJuQHp6+v/ExMT/0dHR/0NCQv77+vr+d3Nz+4/XgNo1zyhzQfLch88oMiBq6j24Af7+/v89PDz+Ozo6/reysvpvZGT0X1tb+7+Kisp/OTm5lVgNSJr5gDIvRE+9R74Bng03rmXNf/jfo+HGVRDfxMTkv66u7n81NbX/8vLy/yUlJf8LCwvjjgX18NOartXXToNosr1AqmYMA8jBAE8T0gwxA4F9AAAAAElFTkSuQmCC"
