varius.orci.in@Pellentesqueut.com,WVC95AGE0WU,Madison X. Grant
et.magnis@turpis.co.uk,YWY10MXC1ZJ,Lev Q. Tyler
nunc.est@hendreritidante.net,QGA38VLU4RB,Haviva W. Banks
arcu.Sed.et@risusQuisquelibero.ca,KYX44NVG9LY,September D. Wells
sem.Pellentesque.ut@Proin.org,IYP25EUO5BZ,Kimberley Z. Elliott
sapien.gravida@diam.edu,EFS77UOA2YA,Sean V. Hatfield
cursus@enim.edu,KYY41YPG9YJ,Aaron C. Morin
eu.arcu@aliquetProinvelit.org,TNV32MHD6RA,Tucker E. Downs
ante@diamDuis.org,YVJ13NRU4ML,Callie G. Coleman
ipsum.dolor@odioPhasellusat.ca,VLT87MDW7MC,Shelby W. Jensen
odio.Phasellus@laoreetlibero.com,IXI22JBH9PI,Simone U. Rice
Cum@Praesenteu.edu,YIA77GIN4CC,Adrienne L. Giles
eleifend.non.dapibus@fermentum.net,HXM27VFP7VU,James I. Beasley
consectetuer.mauris@magna.org,WBX17BYQ7ZN,Lara X. Nicholson
ad.litora.torquent@vulputateduinec.com,ZSH98ACT1OQ,Amelia A. Gibbs
a.neque.Nullam@parturientmontes.org,RGU35WXR5PX,Sophia N. Ratliff
nunc.sed@mauris.net,GHN10KRA9DD,Daphne Q. Blackwell
Aliquam.nisl@Phaselluselit.ca,WRF56JOU5NL,Elliott B. Harrell
tempor.diam.dictum@vestibulumneque.co.uk,STH66NGT0AD,Cameron D. Tyler
nec@Vestibulumante.ca,IGX53TFD8DX,Kitra I. Tyson
Fusce.feugiat.Lorem@consequatdolorvitae.com,CGC24CWV2FG,Jessamine Z. Vincent
tellus@Cras.co.uk,KBX63DPK9SN,Jerry G. Herman
eleifend.egestas.Sed@mitemporlorem.net,ZBK70CVX6HV,Rogan B. Tanner
vitae.dolor@loremipsum.net,THP64YDR2PW,Daphne H. Barr
sociis.natoque@sempereratin.edu,XTX75TGZ6MA,Tallulah P. Blackburn
turpis.non.enim@posuerecubilia.ca,VNW37MXX1QM,Basil B. Gibson
Maecenas.ornare@nisiCum.ca,AUX77TIF8JL,Bianca R. Fischer
sit.amet.luctus@lectusCum.co.uk,VBJ07NBD3JG,Barclay L. Tran